{
	"credit": "Made with Blockbench",
	"textures": {
		"0": "posters/poster2",
		"1": "item/sword_wood",
		"particle": "posters/poster2"
	},
	"elements": [
		{
			"from": [0, 0, 0],
			"to": [29, 16, 1],
			"faces": {
				"north": {"uv": [0, 0, 16, 16], "texture": "#0"},
				"east": {"uv": [0, 0, 16, 16], "texture": "#1"},
				"south": {"uv": [0, 0, 16, 16], "texture": "#0"},
				"west": {"uv": [0, 0, 16, 16], "texture": "#1"},
				"up": {"uv": [0, 0, 16, 16], "texture": "#1"},
				"down": {"uv": [0, 0, 16, 16], "texture": "#1"}
			}
		}
	],
	"display": {
		"head": {
			"rotation": [-2, 0, 0],
			"scale": [4, 4, 4]
		},
		"fixed": {
			"translation": [-26, 0.5, 29],
			"scale": [4, 4, 4]
		}
	}
}