{
	"credit": "Made with Blockbench",
	"textures": {
		"0": "item/screen_on",
		"1": "item/slot_machine_title",
		"2": "item/screen_on_white",
		"3": "item/10",
		"4": "item/gold_ingot",
		"particle": "item/screen_on"
	},
	"elements": [
		{
			"from": [-7.3, 2, 0],
			"to": [23.3, 15, 1],
			"rotation": {"angle": 0, "axis": "y", "origin": [3.5, 6.5, 0.5]},
			"faces": {
				"north": {"uv": [1, 0, 16, 16], "texture": "#0"},
				"east": {"uv": [0, 0, 1, 16], "texture": "#0"},
				"south": {"uv": [0, 0, 1, 16], "texture": "#0"},
				"west": {"uv": [0, 0, 1, 16], "texture": "#0"},
				"up": {"uv": [0, 0, 1, 16], "rotation": 180, "texture": "#0"},
				"down": {"uv": [0, 0, 1, 16], "rotation": 180, "texture": "#0"}
			}
		},
		{
			"from": [-7.3, -4.9, 0],
			"to": [23.3, 2, 1],
			"rotation": {"angle": 0, "axis": "y", "origin": [3.5, -6.5, 0.5]},
			"faces": {
				"north": {"uv": [0, 14, 2, 16], "rotation": 270, "texture": "#0"},
				"east": {"uv": [0, 0, 1, 16], "texture": "#0"},
				"south": {"uv": [0, 0, 1, 16], "texture": "#0"},
				"west": {"uv": [0, 0, 1, 16], "texture": "#0"},
				"up": {"uv": [0, 0, 1, 16], "rotation": 180, "texture": "#0"},
				"down": {"uv": [0, 0, 1, 16], "rotation": 180, "texture": "#0"}
			}
		},
		{
			"from": [-6.3, -11, 0],
			"to": [22.3, -4.9, 1],
			"rotation": {"angle": 0, "axis": "y", "origin": [3.5, -6.5, 0.5]},
			"faces": {
				"north": {"uv": [0, 14, 1, 16], "rotation": 270, "texture": "#0"},
				"east": {"uv": [0, 0, 1, 16], "texture": "#0"},
				"south": {"uv": [0, 0, 1, 16], "texture": "#0"},
				"west": {"uv": [0, 0, 1, 16], "texture": "#0"},
				"up": {"uv": [0, 0, 1, 16], "rotation": 180, "texture": "#0"},
				"down": {"uv": [0, 0, 1, 16], "rotation": 180, "texture": "#0"}
			}
		},
		{
			"from": [-7.3, 13.4, -1],
			"to": [23.3, 19.9, 0],
			"rotation": {"angle": 0, "axis": "y", "origin": [3.5, 15.9, -0.5]},
			"faces": {
				"north": {"uv": [0, 0, 7, 16], "rotation": 90, "texture": "#2"},
				"east": {"uv": [0, 14, 1, 16], "rotation": 90, "texture": "#0"},
				"south": {"uv": [0, 0, 16, 16], "rotation": 90, "texture": "#2"},
				"west": {"uv": [0, 14, 1, 16], "rotation": 90, "texture": "#0"},
				"up": {"uv": [0, 0, 16, 16], "rotation": 90, "texture": "#2"},
				"down": {"uv": [0, 0, 16, 16], "rotation": 90, "texture": "#2"}
			}
		},
		{
			"from": [-7.3, 19.9, -1],
			"to": [23.3, 26, 0],
			"rotation": {"angle": 0, "axis": "y", "origin": [3.5, 20, -0.5]},
			"faces": {
				"north": {"uv": [1, 4.5, 15, 10.75], "texture": "#1"},
				"east": {"uv": [0, 14, 1, 16], "rotation": 90, "texture": "#0"},
				"south": {"uv": [2, 14, 4, 16], "rotation": 90, "texture": "#0"},
				"west": {"uv": [0, 14, 1, 16], "rotation": 90, "texture": "#0"},
				"up": {"uv": [0, 14, 1, 16], "rotation": 90, "texture": "#0"},
				"down": {"uv": [2, 14, 4, 16], "rotation": 90, "texture": "#0"}
			}
		},
		{
			"from": [19.4, 3.6, -1],
			"to": [23.3, 13.4, 0],
			"rotation": {"angle": 0, "axis": "y", "origin": [3.5, 9.4, -0.5]},
			"faces": {
				"north": {"uv": [1, 14, 2, 16], "rotation": 90, "texture": "#0"},
				"east": {"uv": [0, 14, 1, 16], "rotation": 90, "texture": "#0"},
				"south": {"uv": [2, 14, 4, 16], "rotation": 90, "texture": "#0"},
				"west": {"uv": [1, 14, 2, 16], "rotation": 90, "texture": "#0"},
				"up": {"uv": [0, 14, 1, 16], "rotation": 90, "texture": "#0"},
				"down": {"uv": [2, 14, 4, 16], "rotation": 90, "texture": "#0"}
			}
		},
		{
			"from": [-7.3, 3.6, -1],
			"to": [-3.4, 13.4, 0],
			"rotation": {"angle": 0, "axis": "z", "origin": [-5.35, 8.5, -0.5]},
			"faces": {
				"north": {"uv": [1, 14, 2, 16], "rotation": 270, "texture": "#0"},
				"east": {"uv": [1, 14, 2, 16], "rotation": 270, "texture": "#0"},
				"south": {"uv": [2, 14, 4, 16], "rotation": 270, "texture": "#0"},
				"west": {"uv": [0, 14, 1, 16], "rotation": 270, "texture": "#0"},
				"up": {"uv": [2, 14, 4, 16], "rotation": 270, "texture": "#0"},
				"down": {"uv": [0, 14, 1, 16], "rotation": 270, "texture": "#0"}
			}
		},
		{
			"from": [-7.3, -4.9, -1],
			"to": [23.3, 3.6, 0],
			"rotation": {"angle": 0, "axis": "z", "origin": [8, 0.35, -0.5]},
			"faces": {
				"north": {"uv": [0, 0, 7, 16], "rotation": 270, "texture": "#2"},
				"east": {"uv": [0, 14, 1, 16], "rotation": 270, "texture": "#0"},
				"south": {"uv": [2, 14, 4, 16], "rotation": 270, "texture": "#0"},
				"west": {"uv": [0, 14, 1, 16], "rotation": 270, "texture": "#0"},
				"up": {"uv": [2, 14, 4, 16], "rotation": 270, "texture": "#0"},
				"down": {"uv": [0, 14, 1, 16], "rotation": 270, "texture": "#0"}
			}
		},
		{
			"from": [-7.3, 15, 0],
			"to": [23.3, 26, 1],
			"rotation": {"angle": 0, "axis": "y", "origin": [3.5, 15.5, 0.5]},
			"faces": {
				"north": {"uv": [0, 14, 2, 16], "rotation": 90, "texture": "#0"},
				"east": {"uv": [0, 0, 1, 16], "texture": "#0"},
				"south": {"uv": [0, 0, 1, 16], "texture": "#0"},
				"west": {"uv": [0, 0, 1, 16], "texture": "#0"},
				"up": {"uv": [0, 0, 1, 16], "rotation": 180, "texture": "#0"},
				"down": {"uv": [0, 0, 1, 16], "rotation": 180, "texture": "#0"}
			}
		},
		{
			"from": [5.6, -3.5, -1.2],
			"to": [11.9, 1.5, -0.2],
			"rotation": {"angle": 0, "axis": "y", "origin": [8, -1.7, -0.725]},
			"faces": {
				"north": {"uv": [0, 0, 16, 16], "texture": "#4"},
				"east": {"uv": [0, 0, 3, 3.547], "texture": "#4"},
				"south": {"uv": [0, 0, 3, 3.547], "texture": "#4"},
				"west": {"uv": [0, 0, 3, 3.547], "texture": "#4"},
				"up": {"uv": [0, 0, 3, 3.547], "texture": "#4"},
				"down": {"uv": [0, 0, 3, 3.547], "texture": "#4"}
			}
		},
		{
			"from": [4.1, -4.9, -1.3],
			"to": [10.4, 0.1, -0.2],
			"rotation": {"angle": 0, "axis": "y", "origin": [8, -1.7, -0.725]},
			"faces": {
				"north": {"uv": [0, 0, 16, 16], "texture": "#3"},
				"east": {"uv": [0, 0, 3, 3.547], "texture": "#3"},
				"south": {"uv": [0, 0, 3, 3.547], "texture": "#3"},
				"west": {"uv": [0, 0, 3, 3.547], "texture": "#3"},
				"up": {"uv": [0, 0, 3, 3.547], "texture": "#3"},
				"down": {"uv": [0, 0, 3, 3.547], "texture": "#3"}
			}
		}
	],
	"display": {
		"head": {
			"rotation": [-2, 0, 0],
			"scale": [4, 4, 4]
		},
		"fixed": {
			"translation": [0, -13, 30],
			"scale": [1.54, 2, 4]
		}
	}
}