{
	"credit": "Made with Blockbench",
	"textures": {
		"0": "skins/beierfenge",
		"particle": "skins/beierfenge"
	},
	"elements": [
		{
			"name": "layer",
			"from": [0.75, 10.75, -0.35],
			"to": [4.25, 23.25, 4.35],
			"rotation": {"angle": 0, "axis": "y", "origin": [4, 16, 8]},
			"faces": {
				"north": {"uv": [13, 13, 13.75, 16], "texture": "#0"},
				"east": {"uv": [12, 13, 13, 16], "texture": "#0"},
				"south": {"uv": [14.75, 13, 15.5, 16], "texture": "#0"},
				"west": {"uv": [13.75, 13, 14.75, 16], "texture": "#0"},
				"up": {"uv": [13, 12, 13.75, 13], "rotation": 180, "texture": "#0"},
				"down": {"uv": [14.25, 12, 15, 13], "texture": "#0"}
			}
		},
		{
			"name": "left_arm",
			"from": [1, 11, 0],
			"to": [4, 23, 4],
			"rotation": {"angle": 0, "axis": "y", "origin": [4, 16, 8]},
			"faces": {
				"north": {"uv": [9, 13, 9.75, 16], "texture": "#0"},
				"east": {"uv": [8, 13, 9, 15], "texture": "#0"},
				"south": {"uv": [10.75, 13, 11.5, 16], "texture": "#0"},
				"west": {"uv": [9.75, 13, 10.75, 16], "texture": "#0"},
				"up": {"uv": [9, 12, 9.75, 13], "rotation": 180, "texture": "#0"},
				"down": {"uv": [9.75, 12, 10.5, 13], "texture": "#0"}
			}
		},
		{
			"name": "layer",
			"from": [11.75, 10.75, -0.35],
			"to": [15.25, 23.25, 4.35],
			"rotation": {"angle": 0, "axis": "y", "origin": [15, 16, 8]},
			"faces": {
				"north": {"uv": [11, 9, 11.75, 12], "texture": "#0"},
				"east": {"uv": [10, 9, 11, 12], "texture": "#0"},
				"south": {"uv": [12.75, 9, 13.5, 12], "texture": "#0"},
				"west": {"uv": [11.75, 9, 12.75, 12], "texture": "#0"},
				"up": {"uv": [11, 8, 11.75, 9], "rotation": 180, "texture": "#0"},
				"down": {"uv": [11.75, 8, 12.5, 9], "rotation": 180, "texture": "#0"}
			}
		},
		{
			"name": "right_arm",
			"from": [12, 11, 0],
			"to": [15, 23, 4],
			"rotation": {"angle": 0, "axis": "y", "origin": [15, 16, 8]},
			"faces": {
				"north": {"uv": [11, 5, 11.75, 8], "texture": "#0"},
				"east": {"uv": [10, 5, 11, 8], "texture": "#0"},
				"south": {"uv": [12.75, 5, 13.5, 8], "texture": "#0"},
				"west": {"uv": [11.75, 5, 12.75, 8], "texture": "#0"},
				"up": {"uv": [11, 4, 11.75, 5], "rotation": 180, "texture": "#0"},
				"down": {"uv": [11.75, 4, 12.5, 5], "texture": "#0"}
			}
		},
		{
			"name": "layer",
			"from": [3.75, 22.75, -2.25],
			"to": [12.25, 31.25, 6.25],
			"rotation": {"angle": 0, "axis": "y", "origin": [7, 28, 8]},
			"faces": {
				"north": {"uv": [10, 2, 12, 4], "texture": "#0"},
				"east": {"uv": [8, 2, 10, 4], "texture": "#0"},
				"south": {"uv": [14, 2, 16, 4], "texture": "#0"},
				"west": {"uv": [12, 2, 14, 4], "texture": "#0"},
				"up": {"uv": [10, 0, 12, 2], "texture": "#0"},
				"down": {"uv": [12, 0, 14, 2], "texture": "#0"}
			}
		},
		{
			"name": "head",
			"from": [4, 23, -2],
			"to": [12, 31, 6],
			"rotation": {"angle": 0, "axis": "y", "origin": [7, 28, 8]},
			"faces": {
				"north": {"uv": [2, 2, 4, 4], "texture": "#0"},
				"east": {"uv": [0, 2, 2, 4], "texture": "#0"},
				"south": {"uv": [6, 2, 8, 4], "texture": "#0"},
				"west": {"uv": [4, 2, 6, 4], "texture": "#0"},
				"up": {"uv": [2, 0, 4, 2], "rotation": 180, "texture": "#0"},
				"down": {"uv": [4, 0, 6, 2], "texture": "#0"}
			}
		},
		{
			"name": "body",
			"from": [4, 12, 0],
			"to": [12, 23, 4],
			"rotation": {"angle": 0, "axis": "y", "origin": [8, 16, 8]},
			"faces": {
				"north": {"uv": [5, 5, 7, 8], "texture": "#0"},
				"east": {"uv": [4, 5, 5, 8], "texture": "#0"},
				"south": {"uv": [8, 5, 10, 8], "texture": "#0"},
				"west": {"uv": [7, 5, 8, 8], "texture": "#0"},
				"up": {"uv": [5, 4, 7, 5], "rotation": 180, "texture": "#0"},
				"down": {"uv": [7, 4, 9, 5], "texture": "#0"}
			}
		},
		{
			"name": "layer",
			"from": [3.75, 11.75, -0.25],
			"to": [12.25, 23.25, 4.25],
			"rotation": {"angle": 0, "axis": "y", "origin": [8, 16, 8]},
			"faces": {
				"north": {"uv": [5, 9, 7, 12], "texture": "#0"},
				"east": {"uv": [4, 9, 5, 12], "texture": "#0"},
				"south": {"uv": [8, 9, 10, 12], "texture": "#0"},
				"west": {"uv": [7, 9, 8, 12], "texture": "#0"},
				"up": {"uv": [5, 8, 7, 9], "rotation": 180, "texture": "#0"},
				"down": {"uv": [7, 8, 9, 9], "texture": "#0"}
			}
		},
		{
			"name": "right_leg",
			"from": [8, 0, 0],
			"to": [12, 12, 4],
			"rotation": {"angle": 0, "axis": "y", "origin": [12, 5, 8]},
			"faces": {
				"north": {"uv": [1, 5, 2, 8], "texture": "#0"},
				"east": {"uv": [3, 5, 4, 8], "texture": "#0"},
				"south": {"uv": [3, 5, 4, 8], "texture": "#0"},
				"west": {"uv": [2, 5, 3, 8], "texture": "#0"},
				"up": {"uv": [1, 4, 2, 5], "rotation": 180, "texture": "#0"},
				"down": {"uv": [2, 4, 3, 5], "texture": "#0"}
			}
		},
		{
			"name": "layer",
			"from": [7.75, -0.25, -0.35],
			"to": [12.25, 12.25, 4.35],
			"rotation": {"angle": 0, "axis": "y", "origin": [12, 5, 8]},
			"faces": {
				"north": {"uv": [1, 9, 2, 12], "texture": "#0"},
				"east": {"uv": [0, 9, 1, 12], "texture": "#0"},
				"south": {"uv": [3, 9, 4, 12], "texture": "#0"},
				"west": {"uv": [2, 9, 3, 12], "texture": "#0"},
				"up": {"uv": [1, 8, 2, 9], "rotation": 180, "texture": "#0"},
				"down": {"uv": [2, 8, 3, 9], "rotation": 180, "texture": "#0"}
			}
		},
		{
			"name": "layer",
			"from": [3.75, -0.25, -0.3],
			"to": [8.25, 12.25, 4.35],
			"rotation": {"angle": 0, "axis": "y", "origin": [8, 5, 8]},
			"faces": {
				"north": {"uv": [1, 13, 2, 16], "texture": "#0"},
				"east": {"uv": [0, 13, 1, 16], "texture": "#0"},
				"south": {"uv": [3, 13, 4, 16], "texture": "#0"},
				"west": {"uv": [2, 13, 3, 16], "texture": "#0"},
				"up": {"uv": [1, 12, 2, 13], "rotation": 180, "texture": "#0"},
				"down": {"uv": [2, 12, 3, 13], "rotation": 180, "texture": "#0"}
			}
		},
		{
			"name": "left_leg",
			"from": [4, 0, 0],
			"to": [8, 12, 4],
			"rotation": {"angle": 0, "axis": "y", "origin": [8, 5, 8]},
			"faces": {
				"north": {"uv": [5, 13, 6, 16], "texture": "#0"},
				"east": {"uv": [4, 13, 5, 16], "texture": "#0"},
				"south": {"uv": [7, 13, 8, 16], "texture": "#0"},
				"west": {"uv": [6, 13, 7, 16], "texture": "#0"},
				"up": {"uv": [5, 12, 6, 13], "rotation": 180, "texture": "#0"},
				"down": {"uv": [6, 12, 7, 13], "texture": "#0"}
			}
		}
	],
	"gui_light": "front",
	"display": {
		"thirdperson_righthand": {
			"rotation": [90, 0, 0],
			"translation": [-6, -8, 10]
		},
		"thirdperson_lefthand": {
			"rotation": [90, 0, 0],
			"translation": [-6, -8, -3]
		},
		"firstperson_righthand": {
			"rotation": [0, 105, 0],
			"translation": [16, -12.5, -10]
		},
		"firstperson_lefthand": {
			"rotation": [0, 105, 0],
			"translation": [16, -12.5, -10]
		},
		"ground": {
			"translation": [0, 5, 5.5]
		},
		"gui": {
			"rotation": [25, 135, 0],
			"translation": [2.25, -2.25, 0],
			"scale": [0.5, 0.5, 0.5]
		},
		"head": {
			"translation": [0, 10.5, 3.5],
			"scale": [0.5, 0.5, 0.5]
		},
		"fixed": {
			"translation": [0, -7.5, 0]
		}
	},
	"groups": [
		{
			"name": "left_arm",
			"origin": [4, 28, 8],
			"children": [0, 1]
		},
		{
			"name": "right_arm",
			"origin": [15, 28, 8],
			"children": [2, 3]
		},
		{
			"name": "head",
			"origin": [7, 28, 8],
			"children": [4, 5]
		},
		{
			"name": "body",
			"origin": [8, 8, 8],
			"children": [6, 7]
		},
		{
			"name": "right_leg",
			"origin": [12, -3, 8],
			"children": [8, 9]
		},
		{
			"name": "left_leg",
			"origin": [8, -3, 8],
			"children": [10, 11]
		}
	]
}