{
	"credit": "Made with Blockbench",
	"textures": {
		"0": "item/debit_card",
		"particle": "item/debit_card"
	},
	"elements": [
		{
			"from": [0, 0, 0],
			"to": [13, 12, 1],
			"faces": {
				"north": {"uv": [0, 12, 10.5, 16], "texture": "#0"},
				"east": {"uv": [0, 12, 10.5, 16], "texture": "#0"},
				"south": {"uv": [0, 0, 16, 16], "texture": "#0"},
				"west": {"uv": [0, 12, 10.5, 16], "texture": "#0"},
				"up": {"uv": [0, 12, 10.5, 16], "texture": "#0"},
				"down": {"uv": [0, 12, 10.5, 16], "texture": "#0"}
			}
		}
	],
	"gui_light": "front",
	"display": {
		"thirdperson_righthand": {
			"translation": [0.75, 3, 2],
			"scale": [0.5, 0.35, 0.2]
		},
		"thirdperson_lefthand": {
			"translation": [-1, 3, 2],
			"scale": [0.5, 0.35, 0.2]
		},
		"firstperson_righthand": {
			"translation": [0, 1.5, 0],
			"scale": [0.5, 0.35, 0.1]
		},
		"firstperson_lefthand": {
			"translation": [0, 1.5, 0],
			"scale": [0.5, 0.35, 0.1]
		},
		"ground": {
			"rotation": [-90, 0, 0],
			"translation": [0.5, 0, -0.5],
			"scale": [0.5, 0.35, 0.1]
		},
		"gui": {
			"translation": [2, 2, 0],
			"scale": [1.27, 0.97, 0.26]
		},
		"head": {
			"rotation": [0, -180, 0],
			"translation": [-1.5, 12, 0],
			"scale": [1, 0.7, 0.7]
		},
		"fixed": {
			"rotation": [0, -180, 0],
			"translation": [-1.5, 1, -2],
			"scale": [1, 0.7, 0.2]
		}
	}
}