{
	"credit": "Made with Blockbench",
	"textures": {
		"0": "item/wheel",
		"1": "item/wheel2",
		"2": "item/sword_blade",
		"3": "item/scooter_platform_left",
		"4": "item/scooter_platform_right",
		"5": "item/hand2",
		"particle": "item/wheel"
	},
	"elements": [
		{
			"from": [0, 6.6, 14.5],
			"to": [8, 7.2, 15.4],
			"rotation": {"angle": 0, "axis": "y", "origin": [8, 14.6, 8.5]},
			"faces": {
				"north": {"uv": [0, 3.5, 1, 16], "texture": "#3"},
				"east": {"uv": [0, 3.5, 1, 16], "texture": "#3"},
				"south": {"uv": [0, 3.5, 1, 16], "texture": "#3"},
				"west": {"uv": [0, 3.5, 1, 16], "texture": "#3"},
				"up": {"uv": [0, 3.5, 1, 16], "texture": "#3"},
				"down": {"uv": [0, 3.5, 1, 16], "texture": "#3"}
			}
		},
		{
			"from": [0.01421, 6.60421, 0.6],
			"to": [8.01421, 7.20421, 1.5],
			"rotation": {"angle": 0, "axis": "y", "origin": [8.01421, 14.60421, -5.4]},
			"faces": {
				"north": {"uv": [0, 3.5, 1, 16], "texture": "#3"},
				"east": {"uv": [0, 3.5, 1, 16], "texture": "#3"},
				"south": {"uv": [0, 3.5, 1, 16], "texture": "#3"},
				"west": {"uv": [0, 3.5, 1, 16], "texture": "#3"},
				"up": {"uv": [0, 3.5, 1, 16], "texture": "#3"},
				"down": {"uv": [0, 3.5, 1, 16], "texture": "#3"}
			}
		},
		{
			"from": [0, 6.6, 8.5],
			"to": [8, 7.1, 14.5],
			"rotation": {"angle": 0, "axis": "y", "origin": [8, 14.6, 7.5]},
			"faces": {
				"north": {"uv": [0, 0, 16, 1], "texture": "#3"},
				"east": {"uv": [2, 15.5, 16, 16], "texture": "#3"},
				"south": {"uv": [7, 15.5, 15, 16], "texture": "#3"},
				"west": {"uv": [1, 15.5, 15, 16], "texture": "#3"},
				"up": {"uv": [0, 3.5, 16, 16], "texture": "#3"},
				"down": {"uv": [5.5, 2, 13.5, 4.5], "texture": "#3"}
			}
		},
		{
			"from": [0, 6.6, 7.5],
			"to": [8, 7.1, 8.5],
			"rotation": {"angle": 0, "axis": "y", "origin": [8, 14.6, 6.5]},
			"faces": {
				"north": {"uv": [2.5, 13, 12.5, 14.5], "texture": "#3"},
				"east": {"uv": [2.5, 13, 12.5, 14.5], "texture": "#3"},
				"south": {"uv": [2.5, 13, 12.5, 14.5], "texture": "#3"},
				"west": {"uv": [2.5, 13, 12.5, 14.5], "texture": "#3"},
				"up": {"uv": [0, 13, 16, 14.5], "texture": "#3"},
				"down": {"uv": [2.5, 13, 12.5, 14.5], "texture": "#3"}
			}
		},
		{
			"from": [0, 6.6, 1.5],
			"to": [8, 7.1, 7.5],
			"rotation": {"angle": 0, "axis": "y", "origin": [8, 14.6, 0.5]},
			"faces": {
				"north": {"uv": [0, 0, 8, 0.5], "texture": "#4"},
				"east": {"uv": [0, 0, 16, 1], "texture": "#4"},
				"south": {"uv": [0, 15, 16, 16], "texture": "#4"},
				"west": {"uv": [0, 0, 14, 0.5], "texture": "#4"},
				"up": {"uv": [0, 0, 16, 13], "texture": "#4"},
				"down": {"uv": [4.5, 15, 12.5, 16], "texture": "#4"}
			}
		},
		{
			"from": [0.5, 4.6, 0.5],
			"to": [7.5, 5.6, 15.5],
			"rotation": {"angle": 0, "axis": "y", "origin": [8, 12.6, 8]},
			"faces": {
				"north": {"uv": [0, 0, 2, 16], "texture": "#5"},
				"east": {"uv": [0, 0, 2, 16], "texture": "#5"},
				"south": {"uv": [0, 0, 2, 16], "texture": "#5"},
				"west": {"uv": [0, 0, 2, 16], "texture": "#5"},
				"up": {"uv": [0, 0, 2, 16], "texture": "#5"},
				"down": {"uv": [0, 0, 2, 16], "texture": "#5"}
			}
		},
		{
			"from": [6.85355, 5.16066, 0.5],
			"to": [8.85355, 6.16066, 15.5],
			"rotation": {"angle": 45, "axis": "z", "origin": [7.85355, 5.66066, 8]},
			"faces": {
				"north": {"uv": [0, 0, 2, 16], "texture": "#5"},
				"east": {"uv": [0, 0, 2, 16], "texture": "#5"},
				"south": {"uv": [0, 0, 2, 16], "texture": "#5"},
				"west": {"uv": [0, 0, 2, 16], "texture": "#5"},
				"up": {"uv": [0, 0, 2, 16], "texture": "#5"},
				"down": {"uv": [0, 0, 2, 16], "texture": "#5"}
			}
		},
		{
			"from": [-0.35355, 4.66066, 0.5],
			"to": [0.64645, 6.66066, 15.5],
			"rotation": {"angle": 45, "axis": "z", "origin": [0.14645, 5.66066, 8]},
			"faces": {
				"north": {"uv": [0, 0, 2, 16], "rotation": 90, "texture": "#5"},
				"east": {"uv": [0, 0, 2, 16], "rotation": 270, "texture": "#5"},
				"south": {"uv": [0, 0, 2, 16], "rotation": 270, "texture": "#5"},
				"west": {"uv": [0, 0, 2, 16], "rotation": 270, "texture": "#5"},
				"up": {"uv": [0, 0, 2, 16], "rotation": 270, "texture": "#5"},
				"down": {"uv": [0, 0, 2, 16], "rotation": 270, "texture": "#5"}
			}
		},
		{
			"from": [8.01421, 6.01421, 0.6],
			"to": [8.91421, 7.20421, 15.4],
			"rotation": {"angle": 0, "axis": "z", "origin": [8.41421, 5.81421, 8]},
			"faces": {
				"north": {"uv": [14, 0, 16, 16], "rotation": 270, "texture": "#2"},
				"east": {"uv": [13, 0, 15, 16], "rotation": 270, "texture": "#2"},
				"south": {"uv": [14, 0, 16, 16], "rotation": 270, "texture": "#2"},
				"west": {"uv": [14, 0, 16, 16], "rotation": 270, "texture": "#2"},
				"up": {"uv": [14, 0, 16, 16], "rotation": 270, "texture": "#2"},
				"down": {"uv": [14, 0, 16, 16], "rotation": 270, "texture": "#2"}
			}
		},
		{
			"from": [-0.88579, 6.01421, 0.6],
			"to": [0.01421, 7.20421, 15.4],
			"rotation": {"angle": 0, "axis": "z", "origin": [-0.48579, 5.81421, 8]},
			"faces": {
				"north": {"uv": [14, 0, 16, 16], "rotation": 270, "texture": "#2"},
				"east": {"uv": [13, 0, 15, 16], "rotation": 270, "texture": "#2"},
				"south": {"uv": [14, 0, 16, 16], "rotation": 270, "texture": "#2"},
				"west": {"uv": [14, 0, 16, 16], "rotation": 270, "texture": "#2"},
				"up": {"uv": [14, 0, 16, 16], "rotation": 270, "texture": "#2"},
				"down": {"uv": [14, 0, 16, 16], "rotation": 270, "texture": "#2"}
			}
		},
		{
			"from": [3.5, 5.6, -1],
			"to": [4.5, 6.6, 17],
			"rotation": {"angle": 0, "axis": "y", "origin": [8, 13.6, 8]},
			"faces": {
				"north": {"uv": [0, 0, 1, 1], "texture": "#2"},
				"east": {"uv": [14, 0, 16, 16], "texture": "#2"},
				"south": {"uv": [0, 0, 1, 1], "texture": "#2"},
				"west": {"uv": [0, 0, 14, 1], "texture": "#2"},
				"up": {"uv": [0, 0, 1, 16], "texture": "#2"},
				"down": {"uv": [0, 0, 1, 16], "texture": "#2"}
			}
		},
		{
			"from": [-0.82843, 3.82843, 16.5],
			"to": [0.17157, 7.82843, 19.5],
			"rotation": {"angle": -45, "axis": "z", "origin": [4, 5.82843, 17]},
			"faces": {
				"north": {"uv": [7, 0, 15, 16], "rotation": 180, "texture": "#0"},
				"east": {"uv": [8, 0, 16, 16], "texture": "#0"},
				"south": {"uv": [5, 0, 13, 16], "texture": "#0"},
				"west": {"uv": [0, 0, 8, 16], "rotation": 180, "texture": "#0"},
				"up": {"uv": [8, 0, 16, 16], "texture": "#0"},
				"down": {"uv": [8, 0, 16, 16], "texture": "#0"}
			}
		},
		{
			"from": [2, 9.65685, 16.495],
			"to": [6, 10.65685, 19.505],
			"rotation": {"angle": 0, "axis": "z", "origin": [4, 5.82843, 17]},
			"faces": {
				"north": {"uv": [7, 0, 15, 16], "rotation": 90, "texture": "#0"},
				"east": {"uv": [8, 0, 16, 16], "rotation": 270, "texture": "#0"},
				"south": {"uv": [5, 0, 13, 16], "rotation": 90, "texture": "#0"},
				"west": {"uv": [8, 0, 16, 16], "rotation": 270, "texture": "#0"},
				"up": {"uv": [0, 0, 8, 16], "rotation": 270, "texture": "#0"},
				"down": {"uv": [8, 0, 16, 16], "rotation": 270, "texture": "#0"}
			}
		},
		{
			"from": [7.82843, 3.82843, 16.5],
			"to": [8.82843, 7.82843, 19.5],
			"rotation": {"angle": 45, "axis": "z", "origin": [4, 5.82843, 17]},
			"faces": {
				"north": {"uv": [7, 0, 15, 16], "texture": "#0"},
				"east": {"uv": [0, 0, 8, 16], "texture": "#0"},
				"south": {"uv": [5, 0, 13, 16], "rotation": 180, "texture": "#0"},
				"west": {"uv": [8, 0, 16, 16], "texture": "#0"},
				"up": {"uv": [8, 0, 16, 16], "texture": "#0"},
				"down": {"uv": [8, 0, 16, 16], "texture": "#0"}
			}
		},
		{
			"from": [7.82843, 3.82843, 16.495],
			"to": [8.82843, 7.82843, 19.505],
			"rotation": {"angle": 0, "axis": "z", "origin": [4, 5.82843, 17]},
			"faces": {
				"north": {"uv": [7, 0, 15, 16], "texture": "#0"},
				"east": {"uv": [0, 0, 8, 16], "texture": "#0"},
				"south": {"uv": [5, 0, 13, 16], "rotation": 180, "texture": "#0"},
				"west": {"uv": [8, 0, 16, 16], "texture": "#0"},
				"up": {"uv": [8, 0, 16, 16], "texture": "#0"},
				"down": {"uv": [8, 0, 16, 16], "texture": "#0"}
			}
		},
		{
			"from": [7.82843, 3.82843, 16.5],
			"to": [8.82843, 7.82843, 19.5],
			"rotation": {"angle": -45, "axis": "z", "origin": [4, 5.82843, 17]},
			"faces": {
				"north": {"uv": [7, 0, 15, 16], "texture": "#0"},
				"east": {"uv": [0, 0, 8, 16], "texture": "#0"},
				"south": {"uv": [5, 0, 13, 16], "rotation": 180, "texture": "#0"},
				"west": {"uv": [8, 0, 16, 16], "texture": "#0"},
				"up": {"uv": [8, 0, 16, 16], "texture": "#0"},
				"down": {"uv": [8, 0, 16, 16], "texture": "#0"}
			}
		},
		{
			"from": [2, 1, 16.495],
			"to": [6, 2, 19.505],
			"rotation": {"angle": 0, "axis": "z", "origin": [4, 5.82843, 17]},
			"faces": {
				"north": {"uv": [7, 0, 15, 16], "rotation": 270, "texture": "#0"},
				"east": {"uv": [8, 0, 16, 16], "rotation": 270, "texture": "#0"},
				"south": {"uv": [5, 0, 13, 16], "rotation": 270, "texture": "#0"},
				"west": {"uv": [8, 0, 16, 16], "rotation": 270, "texture": "#0"},
				"up": {"uv": [8, 0, 16, 16], "rotation": 270, "texture": "#0"},
				"down": {"uv": [0, 0, 8, 16], "rotation": 90, "texture": "#0"}
			}
		},
		{
			"from": [-0.82843, 3.82843, 16.5],
			"to": [0.17157, 7.82843, 19.5],
			"rotation": {"angle": 45, "axis": "z", "origin": [4, 5.82843, 17]},
			"faces": {
				"north": {"uv": [7, 0, 15, 16], "rotation": 180, "texture": "#0"},
				"east": {"uv": [8, 0, 16, 16], "texture": "#0"},
				"south": {"uv": [5, 0, 13, 16], "texture": "#0"},
				"west": {"uv": [0, 0, 8, 16], "rotation": 180, "texture": "#0"},
				"up": {"uv": [8, 0, 16, 16], "texture": "#0"},
				"down": {"uv": [8, 0, 16, 16], "texture": "#0"}
			}
		},
		{
			"from": [-0.82843, 3.82843, 16.495],
			"to": [0.17157, 7.82843, 19.505],
			"rotation": {"angle": 0, "axis": "z", "origin": [4, 5.82843, 17]},
			"faces": {
				"north": {"uv": [7, 0, 15, 16], "rotation": 180, "texture": "#0"},
				"east": {"uv": [8, 0, 16, 16], "texture": "#0"},
				"south": {"uv": [5, 0, 13, 16], "texture": "#0"},
				"west": {"uv": [0, 0, 8, 16], "rotation": 180, "texture": "#0"},
				"up": {"uv": [8, 0, 16, 16], "texture": "#0"},
				"down": {"uv": [8, 0, 16, 16], "texture": "#0"}
			}
		},
		{
			"from": [7.82843, 3.82843, -3.5],
			"to": [8.82843, 7.82843, -0.5],
			"rotation": {"angle": 45, "axis": "z", "origin": [4, 5.82843, -1]},
			"faces": {
				"north": {"uv": [5, 0, 13, 16], "texture": "#0"},
				"east": {"uv": [0, 0, 8, 16], "rotation": 180, "texture": "#0"},
				"south": {"uv": [7, 0, 15, 16], "rotation": 180, "texture": "#0"},
				"west": {"uv": [8, 0, 16, 16], "texture": "#0"},
				"up": {"uv": [8, 0, 16, 16], "rotation": 180, "texture": "#0"},
				"down": {"uv": [8, 0, 16, 16], "rotation": 180, "texture": "#0"}
			}
		},
		{
			"from": [-0.82843, 3.82843, -3.505],
			"to": [0.17157, 7.82843, -0.495],
			"rotation": {"angle": 0, "axis": "z", "origin": [4, 5.82843, -1]},
			"faces": {
				"north": {"uv": [5, 0, 13, 16], "rotation": 180, "texture": "#0"},
				"east": {"uv": [8, 0, 16, 16], "texture": "#0"},
				"south": {"uv": [7, 0, 15, 16], "texture": "#0"},
				"west": {"uv": [0, 0, 8, 16], "texture": "#0"},
				"up": {"uv": [8, 0, 16, 16], "rotation": 180, "texture": "#0"},
				"down": {"uv": [8, 0, 16, 16], "rotation": 180, "texture": "#0"}
			}
		},
		{
			"from": [-0.82843, 3.82843, -3.5],
			"to": [0.17157, 7.82843, -0.5],
			"rotation": {"angle": 45, "axis": "z", "origin": [4, 5.82843, -1]},
			"faces": {
				"north": {"uv": [5, 0, 13, 16], "rotation": 180, "texture": "#0"},
				"east": {"uv": [8, 0, 16, 16], "texture": "#0"},
				"south": {"uv": [7, 0, 15, 16], "texture": "#0"},
				"west": {"uv": [0, 0, 8, 16], "texture": "#0"},
				"up": {"uv": [8, 0, 16, 16], "rotation": 180, "texture": "#0"},
				"down": {"uv": [8, 0, 16, 16], "rotation": 180, "texture": "#0"}
			}
		},
		{
			"from": [2, 1, -3.505],
			"to": [6, 2, -0.495],
			"rotation": {"angle": 0, "axis": "z", "origin": [4, 5.82843, -1]},
			"faces": {
				"north": {"uv": [5, 0, 13, 16], "rotation": 270, "texture": "#0"},
				"east": {"uv": [8, 0, 16, 16], "rotation": 90, "texture": "#0"},
				"south": {"uv": [7, 0, 15, 16], "rotation": 270, "texture": "#0"},
				"west": {"uv": [8, 0, 16, 16], "rotation": 90, "texture": "#0"},
				"up": {"uv": [8, 0, 16, 16], "rotation": 270, "texture": "#0"},
				"down": {"uv": [0, 0, 8, 16], "rotation": 270, "texture": "#0"}
			}
		},
		{
			"from": [-0.82843, 3.82843, -3.5],
			"to": [0.17157, 7.82843, -0.5],
			"rotation": {"angle": -45, "axis": "z", "origin": [4, 5.82843, -1]},
			"faces": {
				"north": {"uv": [5, 0, 13, 16], "rotation": 180, "texture": "#0"},
				"east": {"uv": [8, 0, 16, 16], "texture": "#0"},
				"south": {"uv": [7, 0, 15, 16], "texture": "#0"},
				"west": {"uv": [0, 0, 8, 16], "texture": "#0"},
				"up": {"uv": [8, 0, 16, 16], "rotation": 180, "texture": "#0"},
				"down": {"uv": [8, 0, 16, 16], "rotation": 180, "texture": "#0"}
			}
		},
		{
			"from": [7.82843, 3.82843, -3.505],
			"to": [8.82843, 7.82843, -0.495],
			"rotation": {"angle": 0, "axis": "z", "origin": [4, 5.82843, -1]},
			"faces": {
				"north": {"uv": [5, 0, 13, 16], "texture": "#0"},
				"east": {"uv": [0, 0, 8, 16], "rotation": 180, "texture": "#0"},
				"south": {"uv": [7, 0, 15, 16], "rotation": 180, "texture": "#0"},
				"west": {"uv": [8, 0, 16, 16], "texture": "#0"},
				"up": {"uv": [8, 0, 16, 16], "rotation": 180, "texture": "#0"},
				"down": {"uv": [8, 0, 16, 16], "rotation": 180, "texture": "#0"}
			}
		},
		{
			"from": [7.82843, 3.82843, -3.5],
			"to": [8.82843, 7.82843, -0.5],
			"rotation": {"angle": -45, "axis": "z", "origin": [4, 5.82843, -1]},
			"faces": {
				"north": {"uv": [5, 0, 13, 16], "texture": "#0"},
				"east": {"uv": [0, 0, 8, 16], "rotation": 180, "texture": "#0"},
				"south": {"uv": [7, 0, 15, 16], "rotation": 180, "texture": "#0"},
				"west": {"uv": [8, 0, 16, 16], "texture": "#0"},
				"up": {"uv": [8, 0, 16, 16], "rotation": 180, "texture": "#0"},
				"down": {"uv": [8, 0, 16, 16], "rotation": 180, "texture": "#0"}
			}
		},
		{
			"from": [2, 9.65685, -3.505],
			"to": [6, 10.65685, -0.495],
			"rotation": {"angle": 0, "axis": "z", "origin": [4, 5.82843, -1]},
			"faces": {
				"north": {"uv": [5, 0, 13, 16], "rotation": 90, "texture": "#0"},
				"east": {"uv": [8, 0, 16, 16], "rotation": 90, "texture": "#0"},
				"south": {"uv": [7, 0, 15, 16], "rotation": 90, "texture": "#0"},
				"west": {"uv": [8, 0, 16, 16], "rotation": 90, "texture": "#0"},
				"up": {"uv": [0, 0, 8, 16], "rotation": 90, "texture": "#0"},
				"down": {"uv": [8, 0, 16, 16], "rotation": 270, "texture": "#0"}
			}
		},
		{
			"from": [7, 3, -3.1],
			"to": [8, 8.3, -0.6],
			"rotation": {"angle": 0, "axis": "y", "origin": [14, 12, 6.5]},
			"faces": {
				"north": {"uv": [0, 0, 4, 16], "texture": "#1"},
				"east": {"uv": [0, 0, 0.8, 8], "texture": "#1"},
				"south": {"uv": [0, 0, 4, 8], "texture": "#1"},
				"west": {"uv": [0, 0, 0.8, 8], "texture": "#1"},
				"up": {"uv": [0, 0, 4, 0.8], "texture": "#1"},
				"down": {"uv": [0, 0, 4, 0.8], "texture": "#1"}
			}
		},
		{
			"from": [6, 2.3, -3.1],
			"to": [7, 9.3, -0.6],
			"rotation": {"angle": 0, "axis": "y", "origin": [13, 12, 6.5]},
			"faces": {
				"north": {"uv": [0, 0, 4, 16], "texture": "#1"},
				"east": {"uv": [0, 0, 0.8, 8], "texture": "#1"},
				"south": {"uv": [0, 0, 4, 8], "texture": "#1"},
				"west": {"uv": [0, 0, 0.8, 8], "texture": "#1"},
				"up": {"uv": [0, 0, 4, 0.8], "texture": "#1"},
				"down": {"uv": [0, 0, 4, 0.8], "texture": "#1"}
			}
		},
		{
			"from": [2, 2, -3.1],
			"to": [6, 10, -0.6],
			"rotation": {"angle": 0, "axis": "y", "origin": [12, 12, 6.5]},
			"faces": {
				"north": {"uv": [4, 0, 12, 16], "texture": "#1"},
				"east": {"uv": [0, 0, 0.8, 8], "texture": "#1"},
				"south": {"uv": [0, 0, 4, 8], "texture": "#1"},
				"west": {"uv": [0, 0, 0.8, 8], "texture": "#1"},
				"up": {"uv": [0, 0, 4, 0.8], "texture": "#1"},
				"down": {"uv": [0, 0, 4, 0.8], "texture": "#1"}
			}
		},
		{
			"from": [1, 2.3, -3.1],
			"to": [2, 9.3, -0.6],
			"rotation": {"angle": 0, "axis": "y", "origin": [8, 12, 6.5]},
			"faces": {
				"north": {"uv": [0, 0, 4, 16], "texture": "#1"},
				"east": {"uv": [0, 0, 0.8, 8], "texture": "#1"},
				"south": {"uv": [0, 0, 4, 8], "texture": "#1"},
				"west": {"uv": [0, 0, 0.8, 8], "texture": "#1"},
				"up": {"uv": [0, 0, 4, 0.8], "texture": "#1"},
				"down": {"uv": [0, 0, 4, 0.8], "texture": "#1"}
			}
		},
		{
			"from": [0, 3, -3.1],
			"to": [1, 8.3, -0.6],
			"rotation": {"angle": 0, "axis": "y", "origin": [7, 12, 6.5]},
			"faces": {
				"north": {"uv": [0, 0, 4, 16], "texture": "#1"},
				"east": {"uv": [0, 0, 0.8, 8], "texture": "#1"},
				"south": {"uv": [0, 0, 4, 8], "texture": "#1"},
				"west": {"uv": [0, 0, 0.8, 8], "texture": "#1"},
				"up": {"uv": [0, 0, 4, 0.8], "texture": "#1"},
				"down": {"uv": [0, 0, 4, 0.8], "texture": "#1"}
			}
		},
		{
			"from": [0, 3, 16.6],
			"to": [1, 8.3, 19.1],
			"rotation": {"angle": 0, "axis": "y", "origin": [4, 5.78, 17]},
			"faces": {
				"north": {"uv": [0, 0, 4, 8], "texture": "#1"},
				"east": {"uv": [0, 0, 0.8, 8], "texture": "#1"},
				"south": {"uv": [0, 0, 4, 16], "texture": "#1"},
				"west": {"uv": [0, 0, 0.8, 8], "texture": "#1"},
				"up": {"uv": [0, 0, 4, 0.8], "rotation": 180, "texture": "#1"},
				"down": {"uv": [0, 0, 4, 0.8], "rotation": 180, "texture": "#1"}
			}
		},
		{
			"from": [1, 2.3, 16.6],
			"to": [2, 9.3, 19.1],
			"rotation": {"angle": 0, "axis": "y", "origin": [4, 5.78, 17]},
			"faces": {
				"north": {"uv": [0, 0, 4, 8], "texture": "#1"},
				"east": {"uv": [0, 0, 0.8, 8], "texture": "#1"},
				"south": {"uv": [0, 0, 4, 16], "texture": "#1"},
				"west": {"uv": [0, 0, 0.8, 8], "texture": "#1"},
				"up": {"uv": [0, 0, 4, 0.8], "rotation": 180, "texture": "#1"},
				"down": {"uv": [0, 0, 4, 0.8], "rotation": 180, "texture": "#1"}
			}
		},
		{
			"from": [2, 2, 16.6],
			"to": [6, 10, 19.1],
			"rotation": {"angle": 0, "axis": "y", "origin": [4, 5.78, 17]},
			"faces": {
				"north": {"uv": [0, 0, 4, 8], "texture": "#1"},
				"east": {"uv": [0, 0, 0.8, 8], "texture": "#1"},
				"south": {"uv": [4, 0, 12, 16], "texture": "#1"},
				"west": {"uv": [0, 0, 0.8, 8], "texture": "#1"},
				"up": {"uv": [0, 0, 4, 0.8], "rotation": 180, "texture": "#1"},
				"down": {"uv": [0, 0, 4, 0.8], "rotation": 180, "texture": "#1"}
			}
		},
		{
			"from": [6, 2.3, 16.6],
			"to": [7, 9.3, 19.1],
			"rotation": {"angle": 0, "axis": "y", "origin": [4, 5.78, 17]},
			"faces": {
				"north": {"uv": [0, 0, 4, 8], "texture": "#1"},
				"east": {"uv": [0, 0, 0.8, 8], "texture": "#1"},
				"south": {"uv": [0, 0, 4, 16], "texture": "#1"},
				"west": {"uv": [0, 0, 0.8, 8], "texture": "#1"},
				"up": {"uv": [0, 0, 4, 0.8], "rotation": 180, "texture": "#1"},
				"down": {"uv": [0, 0, 4, 0.8], "rotation": 180, "texture": "#1"}
			}
		},
		{
			"from": [7, 3, 16.6],
			"to": [8, 8.3, 19.1],
			"rotation": {"angle": 0, "axis": "y", "origin": [4, 5.78, 17]},
			"faces": {
				"north": {"uv": [0, 0, 4, 8], "texture": "#1"},
				"east": {"uv": [0, 0, 0.8, 8], "texture": "#1"},
				"south": {"uv": [0, 0, 4, 16], "texture": "#1"},
				"west": {"uv": [0, 0, 0.8, 8], "texture": "#1"},
				"up": {"uv": [0, 0, 4, 0.8], "rotation": 180, "texture": "#1"},
				"down": {"uv": [0, 0, 4, 0.8], "rotation": 180, "texture": "#1"}
			}
		},
		{
			"from": [-0.80416, 5.75269, 15.3],
			"to": [0.79584, 8.35269, 15.81],
			"rotation": {"angle": 0, "axis": "z", "origin": [4.62426, 6.35269, 15.505]},
			"faces": {
				"north": {"uv": [15, 0, 16, 16], "rotation": 180, "texture": "#0"},
				"east": {"uv": [15, 0, 16, 16], "rotation": 180, "texture": "#0"},
				"south": {"uv": [15, 0, 16, 16], "rotation": 180, "texture": "#0"},
				"west": {"uv": [14, 0, 16, 16], "rotation": 180, "texture": "#0"},
				"up": {"uv": [15, 0, 16, 16], "rotation": 180, "texture": "#0"},
				"down": {"uv": [15, 0, 16, 16], "rotation": 180, "texture": "#0"}
			}
		},
		{
			"from": [-0.80416, 5.85269, 0.3],
			"to": [0.79584, 8.35269, 0.81],
			"rotation": {"angle": 0, "axis": "z", "origin": [4.62426, 6.35269, 0.505]},
			"faces": {
				"north": {"uv": [15, 0, 16, 16], "rotation": 180, "texture": "#0"},
				"east": {"uv": [15, 0, 16, 16], "rotation": 180, "texture": "#0"},
				"south": {"uv": [15, 0, 16, 16], "rotation": 180, "texture": "#0"},
				"west": {"uv": [14, 0, 16, 16], "rotation": 180, "texture": "#0"},
				"up": {"uv": [15, 0, 16, 16], "rotation": 180, "texture": "#0"},
				"down": {"uv": [15, 0, 16, 16], "rotation": 180, "texture": "#0"}
			}
		},
		{
			"from": [7.25269, 6.05269, 15.3],
			"to": [8.85269, 8.35269, 15.81],
			"rotation": {"angle": 0, "axis": "z", "origin": [3.42426, 6.35269, 15.505]},
			"faces": {
				"north": {"uv": [15, 0, 16, 16], "texture": "#0"},
				"east": {"uv": [14, 0, 16, 16], "texture": "#0"},
				"south": {"uv": [15, 0, 16, 16], "texture": "#0"},
				"west": {"uv": [15, 0, 16, 16], "texture": "#0"},
				"up": {"uv": [15, 0, 16, 16], "texture": "#0"},
				"down": {"uv": [15, 0, 16, 16], "texture": "#0"}
			}
		},
		{
			"from": [7.25269, 5.95269, 0.3],
			"to": [8.85269, 8.35269, 0.81],
			"rotation": {"angle": 0, "axis": "z", "origin": [3.42426, 6.35269, 0.505]},
			"faces": {
				"north": {"uv": [15, 0, 16, 16], "texture": "#0"},
				"east": {"uv": [14, 0, 16, 16], "texture": "#0"},
				"south": {"uv": [15, 0, 16, 16], "texture": "#0"},
				"west": {"uv": [15, 0, 16, 16], "texture": "#0"},
				"up": {"uv": [15, 0, 16, 16], "texture": "#0"},
				"down": {"uv": [15, 0, 16, 16], "texture": "#0"}
			}
		},
		{
			"from": [7.42843, 3.92843, 15.3],
			"to": [9.02843, 7.92843, 15.8],
			"rotation": {"angle": 45, "axis": "z", "origin": [3.6, 5.92843, 15.5]},
			"faces": {
				"north": {"uv": [15, 0, 16, 16], "texture": "#0"},
				"east": {"uv": [14, 0, 16, 16], "texture": "#0"},
				"south": {"uv": [15, 0, 16, 16], "texture": "#0"},
				"west": {"uv": [15, 0, 16, 16], "texture": "#0"},
				"up": {"uv": [15, 0, 16, 16], "texture": "#0"},
				"down": {"uv": [15, 0, 16, 16], "texture": "#0"}
			}
		},
		{
			"from": [7.42843, 3.92843, 0.3],
			"to": [9.02843, 7.92843, 0.8],
			"rotation": {"angle": 45, "axis": "z", "origin": [3.6, 5.92843, 0.5]},
			"faces": {
				"north": {"uv": [15, 0, 16, 16], "texture": "#0"},
				"east": {"uv": [14, 0, 16, 16], "texture": "#0"},
				"south": {"uv": [15, 0, 16, 16], "texture": "#0"},
				"west": {"uv": [15, 0, 16, 16], "texture": "#0"},
				"up": {"uv": [15, 0, 16, 16], "texture": "#0"},
				"down": {"uv": [15, 0, 16, 16], "texture": "#0"}
			}
		},
		{
			"from": [2.02426, 9.98112, 15.3],
			"to": [6.02426, 11.18112, 15.81],
			"rotation": {"angle": 0, "axis": "z", "origin": [4.02426, 5.75269, 15.505]},
			"faces": {
				"north": {"uv": [15, 0, 16, 16], "rotation": 90, "texture": "#0"},
				"east": {"uv": [15, 0, 16, 16], "rotation": 90, "texture": "#0"},
				"south": {"uv": [15, 0, 16, 16], "rotation": 90, "texture": "#0"},
				"west": {"uv": [15, 0, 16, 16], "rotation": 90, "texture": "#0"},
				"up": {"uv": [14, 0, 16, 16], "rotation": 270, "texture": "#0"},
				"down": {"uv": [15, 0, 16, 16], "rotation": 90, "texture": "#0"}
			}
		},
		{
			"from": [0.02426, 7.28112, 15.3],
			"to": [8.02426, 8.88112, 15.81],
			"rotation": {"angle": 0, "axis": "z", "origin": [4.02426, 3.45269, 15.505]},
			"faces": {
				"north": {"uv": [15, 0, 16, 16], "rotation": 90, "texture": "#0"},
				"east": {"uv": [15, 0, 16, 16], "rotation": 90, "texture": "#0"},
				"south": {"uv": [15, 0, 16, 16], "rotation": 90, "texture": "#0"},
				"west": {"uv": [15, 0, 16, 16], "rotation": 90, "texture": "#0"},
				"up": {"uv": [15, 0, 16, 16], "rotation": 90, "texture": "#0"},
				"down": {"uv": [15, 0, 16, 16], "rotation": 90, "texture": "#0"}
			}
		},
		{
			"from": [0.02426, 7.28112, 0.3],
			"to": [8.02426, 8.88112, 0.81],
			"rotation": {"angle": 0, "axis": "z", "origin": [4.02426, 3.45269, 0.505]},
			"faces": {
				"north": {"uv": [15, 0, 16, 16], "rotation": 90, "texture": "#0"},
				"east": {"uv": [15, 0, 16, 16], "rotation": 90, "texture": "#0"},
				"south": {"uv": [15, 0, 16, 16], "rotation": 90, "texture": "#0"},
				"west": {"uv": [15, 0, 16, 16], "rotation": 90, "texture": "#0"},
				"up": {"uv": [15, 0, 16, 16], "rotation": 90, "texture": "#0"},
				"down": {"uv": [15, 0, 16, 16], "rotation": 90, "texture": "#0"}
			}
		},
		{
			"from": [1.02426, 8.88112, 15.3],
			"to": [7.02426, 9.98112, 15.81],
			"rotation": {"angle": 0, "axis": "z", "origin": [4.02426, 5.05269, 15.505]},
			"faces": {
				"north": {"uv": [15, 0, 16, 16], "rotation": 90, "texture": "#0"},
				"east": {"uv": [15, 0, 16, 16], "rotation": 90, "texture": "#0"},
				"south": {"uv": [15, 0, 16, 16], "rotation": 90, "texture": "#0"},
				"west": {"uv": [15, 0, 16, 16], "rotation": 90, "texture": "#0"},
				"up": {"uv": [15, 0, 16, 16], "rotation": 90, "texture": "#0"},
				"down": {"uv": [15, 0, 16, 16], "rotation": 90, "texture": "#0"}
			}
		},
		{
			"from": [1.02426, 8.88112, 0.3],
			"to": [7.02426, 9.98112, 0.81],
			"rotation": {"angle": 0, "axis": "z", "origin": [4.02426, 5.05269, 0.505]},
			"faces": {
				"north": {"uv": [15, 0, 16, 16], "rotation": 90, "texture": "#0"},
				"east": {"uv": [15, 0, 16, 16], "rotation": 90, "texture": "#0"},
				"south": {"uv": [15, 0, 16, 16], "rotation": 90, "texture": "#0"},
				"west": {"uv": [15, 0, 16, 16], "rotation": 90, "texture": "#0"},
				"up": {"uv": [15, 0, 16, 16], "rotation": 90, "texture": "#0"},
				"down": {"uv": [15, 0, 16, 16], "rotation": 90, "texture": "#0"}
			}
		},
		{
			"from": [2.02426, 9.58112, 0.3],
			"to": [6.02426, 11.18112, 0.81],
			"rotation": {"angle": 0, "axis": "z", "origin": [4.02426, 5.75269, 0.505]},
			"faces": {
				"north": {"uv": [15, 0, 16, 16], "rotation": 90, "texture": "#0"},
				"east": {"uv": [15, 0, 16, 16], "rotation": 90, "texture": "#0"},
				"south": {"uv": [15, 0, 16, 16], "rotation": 90, "texture": "#0"},
				"west": {"uv": [15, 0, 16, 16], "rotation": 90, "texture": "#0"},
				"up": {"uv": [14, 0, 16, 16], "rotation": 270, "texture": "#0"},
				"down": {"uv": [15, 0, 16, 16], "rotation": 90, "texture": "#0"}
			}
		},
		{
			"from": [-0.9799, 3.92843, 15.3],
			"to": [0.6201, 7.92843, 15.8],
			"rotation": {"angle": -45, "axis": "z", "origin": [4.44853, 5.92843, 15.5]},
			"faces": {
				"north": {"uv": [15, 0, 16, 16], "rotation": 180, "texture": "#0"},
				"east": {"uv": [15, 0, 16, 16], "rotation": 180, "texture": "#0"},
				"south": {"uv": [15, 0, 16, 16], "rotation": 180, "texture": "#0"},
				"west": {"uv": [14, 0, 16, 16], "rotation": 180, "texture": "#0"},
				"up": {"uv": [15, 0, 16, 16], "rotation": 180, "texture": "#0"},
				"down": {"uv": [15, 0, 16, 16], "rotation": 180, "texture": "#0"}
			}
		},
		{
			"from": [-0.9799, 3.92843, 0.3],
			"to": [0.6201, 7.92843, 0.8],
			"rotation": {"angle": -45, "axis": "z", "origin": [4.44853, 5.92843, 0.5]},
			"faces": {
				"north": {"uv": [15, 0, 16, 16], "rotation": 180, "texture": "#0"},
				"east": {"uv": [15, 0, 16, 16], "rotation": 180, "texture": "#0"},
				"south": {"uv": [15, 0, 16, 16], "rotation": 180, "texture": "#0"},
				"west": {"uv": [14, 0, 16, 16], "rotation": 180, "texture": "#0"},
				"up": {"uv": [15, 0, 16, 16], "rotation": 180, "texture": "#0"},
				"down": {"uv": [15, 0, 16, 16], "rotation": 180, "texture": "#0"}
			}
		}
	],
	"display": {
		"thirdperson_righthand": {
			"rotation": [0, -90, 0]
		},
		"thirdperson_lefthand": {
			"rotation": [0, 90, 0]
		},
		"firstperson_righthand": {
			"rotation": [0, -90, 0],
			"translation": [-9, -2, 0]
		},
		"firstperson_lefthand": {
			"rotation": [0, 90, 0],
			"translation": [-9, 0, 0]
		},
		"ground": {
			"translation": [3.5, 4.5, 0]
		},
		"gui": {
			"rotation": [30, -136, 0],
			"translation": [-2.25, 0.5, 0],
			"scale": [0.8, 0.8, 0.8]
		},
		"head": {
			"rotation": [0, -90, 0],
			"translation": [0, -15, 9.25],
			"scale": [2.27, 2.27, 1.99]
		},
		"fixed": {
			"rotation": [-90, 90, 0],
			"translation": [0, -4, -8.5]
		}
	},
	"groups": [0, 1, 2, 3, 4, 5, 6, 7, 8, 9, 10,
		{
			"name": "leftwheel",
			"origin": [4, 5.82843, 16.5],
			"children": [11, 12, 13, 14, 15, 16, 17, 18]
		},
		{
			"name": "rightwheel",
			"origin": [4, 5.82843, 16.5],
			"children": [19, 20, 21, 22, 23, 24, 25, 26]
		},
		{
			"name": "rightwheel2",
			"origin": [7, 12, 7],
			"children": [27, 28, 29, 30, 31]
		},
		{
			"name": "leftwheel2",
			"origin": [7, 12, 7],
			"children": [32, 33, 34, 35, 36]
		},
		{
			"name": "range",
			"origin": [4, 5.82843, 15.5],
			"children": [37, 38, 39, 40, 41, 42, 43, 44, 45, 46, 47, 48, 49, 50]
		}
	]
}