{
	"credit": "Made with Blockbench",
	"textures": {
		"0": "item/sword_wood",
		"1": "item/sword_grip",
		"2": "item/sword_blade",
		"particle": "item/sword_wood"
	},
	"elements": [
		{
			"from": [7, 13.4, 7.3],
			"to": [8.4, 19.4, 7.5],
			"rotation": {"angle": 0, "axis": "y", "origin": [8, 10, 8]},
			"faces": {
				"north": {"uv": [0, 0, 16, 16], "texture": "#2"},
				"east": {"uv": [0, 0, 0.2, 5], "texture": "#2"},
				"south": {"uv": [0, 0, 16, 16], "rotation": 180, "texture": "#2"},
				"west": {"uv": [15, 0, 16, 5], "texture": "#2"},
				"up": {"uv": [0, 0, 1.7, 0.2], "texture": "#2"},
				"down": {"uv": [0, 0, 1.7, 0.2], "texture": "#2"}
			}
		},
		{
			"from": [7.4, 2, 7.2],
			"to": [7.9, 6, 7.6],
			"rotation": {"angle": 0, "axis": "y", "origin": [8, 10, 8]},
			"faces": {
				"north": {"uv": [0, 0, 16, 16], "texture": "#1"},
				"east": {"uv": [0, 0, 16, 16], "texture": "#1"},
				"south": {"uv": [0, 0, 16, 16], "texture": "#1"},
				"west": {"uv": [0, 0, 16, 16], "texture": "#1"},
				"up": {"uv": [0, 0, 16, 16], "texture": "#1"},
				"down": {"uv": [0, 0, 16, 16], "texture": "#1"}
			}
		},
		{
			"from": [8.3, 19.4, 7.3],
			"to": [8.4, 20.5, 7.5],
			"rotation": {"angle": 0, "axis": "y", "origin": [8.00675, 9.99325, 8]},
			"faces": {
				"north": {"uv": [0, 0, 12, 16], "rotation": 180, "texture": "#2"},
				"east": {"uv": [0, 0, 12, 16], "rotation": 180, "texture": "#2"},
				"south": {"uv": [0, 0, 12, 16], "rotation": 180, "texture": "#2"},
				"west": {"uv": [0, 0, 12, 16], "rotation": 180, "texture": "#2"},
				"up": {"uv": [0, 0, 12, 16], "rotation": 180, "texture": "#2"},
				"down": {"uv": [0, 0, 12, 16], "rotation": 180, "texture": "#2"}
			}
		},
		{
			"from": [7, 19.4, 7.3],
			"to": [7.3, 19.5, 7.5],
			"rotation": {"angle": 0, "axis": "y", "origin": [8.00675, 9.99325, 8]},
			"faces": {
				"north": {"uv": [14, 0, 16, 16], "rotation": 180, "texture": "#2"},
				"east": {"uv": [14, 0, 16, 16], "rotation": 180, "texture": "#2"},
				"south": {"uv": [14, 0, 16, 16], "rotation": 180, "texture": "#2"},
				"west": {"uv": [14, 0, 16, 16], "rotation": 180, "texture": "#2"},
				"up": {"uv": [14, 0, 16, 16], "rotation": 180, "texture": "#2"},
				"down": {"uv": [14, 0, 16, 16], "rotation": 180, "texture": "#2"}
			}
		},
		{
			"from": [7.3, 19.4, 7.3],
			"to": [8.3, 19.5, 7.5],
			"rotation": {"angle": 0, "axis": "y", "origin": [8.00675, 9.99325, 8]},
			"faces": {
				"north": {"uv": [0, 0, 10, 14], "rotation": 180, "texture": "#2"},
				"east": {"uv": [0, 0, 10, 14], "rotation": 180, "texture": "#2"},
				"south": {"uv": [0, 0, 10, 14], "rotation": 180, "texture": "#2"},
				"west": {"uv": [0, 0, 10, 14], "rotation": 180, "texture": "#2"},
				"up": {"uv": [0, 0, 10, 14], "rotation": 180, "texture": "#2"},
				"down": {"uv": [0, 0, 10, 14], "rotation": 180, "texture": "#2"}
			}
		},
		{
			"from": [7.4, 19.5, 7.3],
			"to": [8.3, 19.6, 7.5],
			"rotation": {"angle": 0, "axis": "y", "origin": [8.00675, 9.99325, 8]},
			"faces": {
				"north": {"uv": [0, 0, 10, 14], "rotation": 180, "texture": "#2"},
				"east": {"uv": [0, 0, 10, 14], "rotation": 180, "texture": "#2"},
				"south": {"uv": [0, 0, 10, 14], "rotation": 180, "texture": "#2"},
				"west": {"uv": [0, 0, 10, 14], "rotation": 180, "texture": "#2"},
				"up": {"uv": [0, 0, 10, 14], "rotation": 180, "texture": "#2"},
				"down": {"uv": [0, 0, 10, 14], "rotation": 180, "texture": "#2"}
			}
		},
		{
			"from": [7.5, 19.6, 7.3],
			"to": [8.3, 19.7, 7.5],
			"rotation": {"angle": 0, "axis": "y", "origin": [8.00675, 9.99325, 8]},
			"faces": {
				"north": {"uv": [0, 0, 10, 14], "rotation": 180, "texture": "#2"},
				"east": {"uv": [0, 0, 10, 14], "rotation": 180, "texture": "#2"},
				"south": {"uv": [0, 0, 10, 14], "rotation": 180, "texture": "#2"},
				"west": {"uv": [0, 0, 10, 14], "rotation": 180, "texture": "#2"},
				"up": {"uv": [0, 0, 10, 14], "rotation": 180, "texture": "#2"},
				"down": {"uv": [0, 0, 10, 14], "rotation": 180, "texture": "#2"}
			}
		},
		{
			"from": [7.6, 19.7, 7.3],
			"to": [8.3, 19.8, 7.5],
			"rotation": {"angle": 0, "axis": "y", "origin": [8.00675, 9.99325, 8]},
			"faces": {
				"north": {"uv": [0, 0, 10, 14], "rotation": 180, "texture": "#2"},
				"east": {"uv": [0, 0, 10, 14], "rotation": 180, "texture": "#2"},
				"south": {"uv": [0, 0, 10, 14], "rotation": 180, "texture": "#2"},
				"west": {"uv": [0, 0, 10, 14], "rotation": 180, "texture": "#2"},
				"up": {"uv": [0, 0, 10, 14], "rotation": 180, "texture": "#2"},
				"down": {"uv": [0, 0, 10, 14], "rotation": 180, "texture": "#2"}
			}
		},
		{
			"from": [7.7, 19.8, 7.3],
			"to": [8.3, 19.9, 7.5],
			"rotation": {"angle": 0, "axis": "y", "origin": [8.00675, 9.99325, 8]},
			"faces": {
				"north": {"uv": [0, 0, 10, 14], "rotation": 180, "texture": "#2"},
				"east": {"uv": [0, 0, 10, 14], "rotation": 180, "texture": "#2"},
				"south": {"uv": [0, 0, 10, 14], "rotation": 180, "texture": "#2"},
				"west": {"uv": [0, 0, 10, 14], "rotation": 180, "texture": "#2"},
				"up": {"uv": [0, 0, 10, 14], "rotation": 180, "texture": "#2"},
				"down": {"uv": [0, 0, 10, 14], "rotation": 180, "texture": "#2"}
			}
		},
		{
			"from": [7.8, 19.9, 7.3],
			"to": [8.3, 20, 7.5],
			"rotation": {"angle": 0, "axis": "y", "origin": [8.00675, 9.99325, 8]},
			"faces": {
				"north": {"uv": [0, 0, 10, 14], "rotation": 180, "texture": "#2"},
				"east": {"uv": [0, 0, 10, 14], "rotation": 180, "texture": "#2"},
				"south": {"uv": [0, 0, 10, 14], "rotation": 180, "texture": "#2"},
				"west": {"uv": [0, 0, 10, 14], "rotation": 180, "texture": "#2"},
				"up": {"uv": [0, 0, 10, 14], "rotation": 180, "texture": "#2"},
				"down": {"uv": [0, 0, 10, 14], "rotation": 180, "texture": "#2"}
			}
		},
		{
			"from": [7.9, 20, 7.3],
			"to": [8.3, 20.1, 7.5],
			"rotation": {"angle": 0, "axis": "y", "origin": [8.00675, 9.99325, 8]},
			"faces": {
				"north": {"uv": [0, 0, 10, 14], "rotation": 180, "texture": "#2"},
				"east": {"uv": [0, 0, 10, 14], "rotation": 180, "texture": "#2"},
				"south": {"uv": [0, 0, 10, 14], "rotation": 180, "texture": "#2"},
				"west": {"uv": [0, 0, 10, 14], "rotation": 180, "texture": "#2"},
				"up": {"uv": [0, 0, 10, 14], "rotation": 180, "texture": "#2"},
				"down": {"uv": [0, 0, 10, 14], "rotation": 180, "texture": "#2"}
			}
		},
		{
			"from": [8, 20.1, 7.3],
			"to": [8.3, 20.2, 7.5],
			"rotation": {"angle": 0, "axis": "y", "origin": [8.00675, 9.99325, 8]},
			"faces": {
				"north": {"uv": [0, 0, 10, 14], "rotation": 180, "texture": "#2"},
				"east": {"uv": [0, 0, 10, 14], "rotation": 180, "texture": "#2"},
				"south": {"uv": [0, 0, 10, 14], "rotation": 180, "texture": "#2"},
				"west": {"uv": [0, 0, 10, 14], "rotation": 180, "texture": "#2"},
				"up": {"uv": [0, 0, 10, 14], "rotation": 180, "texture": "#2"},
				"down": {"uv": [0, 0, 10, 14], "rotation": 180, "texture": "#2"}
			}
		},
		{
			"from": [8.1, 20.2, 7.3],
			"to": [8.3, 20.3, 7.5],
			"rotation": {"angle": 0, "axis": "y", "origin": [8.00675, 9.99325, 8]},
			"faces": {
				"north": {"uv": [0, 0, 10, 14], "rotation": 180, "texture": "#2"},
				"east": {"uv": [0, 0, 10, 14], "rotation": 180, "texture": "#2"},
				"south": {"uv": [0, 0, 10, 14], "rotation": 180, "texture": "#2"},
				"west": {"uv": [0, 0, 10, 14], "rotation": 180, "texture": "#2"},
				"up": {"uv": [0, 0, 10, 14], "rotation": 180, "texture": "#2"},
				"down": {"uv": [0, 0, 10, 14], "rotation": 180, "texture": "#2"}
			}
		},
		{
			"from": [8.2, 20.3, 7.3],
			"to": [8.3, 20.4, 7.5],
			"rotation": {"angle": 0, "axis": "y", "origin": [8.00675, 9.99325, 8]},
			"faces": {
				"north": {"uv": [0, 0, 10, 14], "rotation": 180, "texture": "#2"},
				"east": {"uv": [0, 0, 10, 14], "rotation": 180, "texture": "#2"},
				"south": {"uv": [0, 0, 10, 14], "rotation": 180, "texture": "#2"},
				"west": {"uv": [0, 0, 10, 14], "rotation": 180, "texture": "#2"},
				"up": {"uv": [0, 0, 10, 14], "rotation": 180, "texture": "#2"},
				"down": {"uv": [0, 0, 10, 14], "rotation": 180, "texture": "#2"}
			}
		},
		{
			"from": [8.3, 20.4, 7.3],
			"to": [8.3, 20.5, 7.5],
			"rotation": {"angle": 0, "axis": "y", "origin": [8.00675, 9.99325, 8]},
			"faces": {
				"north": {"uv": [0, 0, 10, 14], "rotation": 180, "texture": "#2"},
				"east": {"uv": [0, 0, 10, 14], "rotation": 180, "texture": "#2"},
				"south": {"uv": [0, 0, 10, 14], "rotation": 180, "texture": "#2"},
				"west": {"uv": [0, 0, 10, 14], "rotation": 180, "texture": "#2"},
				"up": {"uv": [0, 0, 10, 14], "rotation": 180, "texture": "#2"},
				"down": {"uv": [0, 0, 10, 14], "rotation": 180, "texture": "#2"}
			}
		},
		{
			"from": [7.1, 19.5, 7.3],
			"to": [7.4, 19.6, 7.5],
			"rotation": {"angle": 0, "axis": "y", "origin": [8.00675, 9.99325, 8]},
			"faces": {
				"north": {"uv": [14, 0, 16, 16], "rotation": 180, "texture": "#2"},
				"east": {"uv": [14, 0, 16, 16], "rotation": 180, "texture": "#2"},
				"south": {"uv": [14, 0, 16, 16], "rotation": 180, "texture": "#2"},
				"west": {"uv": [14, 0, 16, 16], "rotation": 180, "texture": "#2"},
				"up": {"uv": [14, 0, 16, 16], "rotation": 180, "texture": "#2"},
				"down": {"uv": [14, 0, 16, 16], "rotation": 180, "texture": "#2"}
			}
		},
		{
			"from": [7.2, 19.6, 7.3],
			"to": [7.5, 19.7, 7.5],
			"rotation": {"angle": 0, "axis": "y", "origin": [8.00675, 9.99325, 8]},
			"faces": {
				"north": {"uv": [14, 0, 16, 16], "rotation": 180, "texture": "#2"},
				"east": {"uv": [14, 0, 16, 16], "rotation": 180, "texture": "#2"},
				"south": {"uv": [14, 0, 16, 16], "rotation": 180, "texture": "#2"},
				"west": {"uv": [14, 0, 16, 16], "rotation": 180, "texture": "#2"},
				"up": {"uv": [14, 0, 16, 16], "rotation": 180, "texture": "#2"},
				"down": {"uv": [14, 0, 16, 16], "rotation": 180, "texture": "#2"}
			}
		},
		{
			"from": [7.3, 19.7, 7.3],
			"to": [7.6, 19.8, 7.5],
			"rotation": {"angle": 0, "axis": "y", "origin": [8.00675, 9.99325, 8]},
			"faces": {
				"north": {"uv": [14, 0, 16, 16], "rotation": 180, "texture": "#2"},
				"east": {"uv": [14, 0, 16, 16], "rotation": 180, "texture": "#2"},
				"south": {"uv": [14, 0, 16, 16], "rotation": 180, "texture": "#2"},
				"west": {"uv": [14, 0, 16, 16], "rotation": 180, "texture": "#2"},
				"up": {"uv": [14, 0, 16, 16], "rotation": 180, "texture": "#2"},
				"down": {"uv": [14, 0, 16, 16], "rotation": 180, "texture": "#2"}
			}
		},
		{
			"from": [7.4, 19.8, 7.3],
			"to": [7.7, 19.9, 7.5],
			"rotation": {"angle": 0, "axis": "y", "origin": [8.00675, 9.99325, 8]},
			"faces": {
				"north": {"uv": [14, 0, 16, 16], "rotation": 180, "texture": "#2"},
				"east": {"uv": [14, 0, 16, 16], "rotation": 180, "texture": "#2"},
				"south": {"uv": [14, 0, 16, 16], "rotation": 180, "texture": "#2"},
				"west": {"uv": [14, 0, 16, 16], "rotation": 180, "texture": "#2"},
				"up": {"uv": [14, 0, 16, 16], "rotation": 180, "texture": "#2"},
				"down": {"uv": [14, 0, 16, 16], "rotation": 180, "texture": "#2"}
			}
		},
		{
			"from": [7.5, 19.9, 7.3],
			"to": [7.8, 20, 7.5],
			"rotation": {"angle": 0, "axis": "y", "origin": [8.00675, 9.99325, 8]},
			"faces": {
				"north": {"uv": [14, 0, 16, 16], "rotation": 180, "texture": "#2"},
				"east": {"uv": [14, 0, 16, 16], "rotation": 180, "texture": "#2"},
				"south": {"uv": [14, 0, 16, 16], "rotation": 180, "texture": "#2"},
				"west": {"uv": [14, 0, 16, 16], "rotation": 180, "texture": "#2"},
				"up": {"uv": [14, 0, 16, 16], "rotation": 180, "texture": "#2"},
				"down": {"uv": [14, 0, 16, 16], "rotation": 180, "texture": "#2"}
			}
		},
		{
			"from": [7.6, 20, 7.3],
			"to": [7.9, 20.1, 7.5],
			"rotation": {"angle": 0, "axis": "y", "origin": [8.00675, 9.99325, 8]},
			"faces": {
				"north": {"uv": [14, 0, 16, 16], "rotation": 180, "texture": "#2"},
				"east": {"uv": [14, 0, 16, 16], "rotation": 180, "texture": "#2"},
				"south": {"uv": [14, 0, 16, 16], "rotation": 180, "texture": "#2"},
				"west": {"uv": [14, 0, 16, 16], "rotation": 180, "texture": "#2"},
				"up": {"uv": [14, 0, 16, 16], "rotation": 180, "texture": "#2"},
				"down": {"uv": [14, 0, 16, 16], "rotation": 180, "texture": "#2"}
			}
		},
		{
			"from": [7.7, 20.1, 7.3],
			"to": [8, 20.2, 7.5],
			"rotation": {"angle": 0, "axis": "y", "origin": [8.00675, 9.99325, 8]},
			"faces": {
				"north": {"uv": [14, 0, 16, 16], "rotation": 180, "texture": "#2"},
				"east": {"uv": [14, 0, 16, 16], "rotation": 180, "texture": "#2"},
				"south": {"uv": [14, 0, 16, 16], "rotation": 180, "texture": "#2"},
				"west": {"uv": [14, 0, 16, 16], "rotation": 180, "texture": "#2"},
				"up": {"uv": [14, 0, 16, 16], "rotation": 180, "texture": "#2"},
				"down": {"uv": [14, 0, 16, 16], "rotation": 180, "texture": "#2"}
			}
		},
		{
			"from": [7.8, 20.2, 7.3],
			"to": [8.1, 20.3, 7.5],
			"rotation": {"angle": 0, "axis": "y", "origin": [8.00675, 9.99325, 8]},
			"faces": {
				"north": {"uv": [14, 0, 16, 16], "rotation": 180, "texture": "#2"},
				"east": {"uv": [14, 0, 16, 16], "rotation": 180, "texture": "#2"},
				"south": {"uv": [14, 0, 16, 16], "rotation": 180, "texture": "#2"},
				"west": {"uv": [14, 0, 16, 16], "rotation": 180, "texture": "#2"},
				"up": {"uv": [14, 0, 16, 16], "rotation": 180, "texture": "#2"},
				"down": {"uv": [14, 0, 16, 16], "rotation": 180, "texture": "#2"}
			}
		},
		{
			"from": [7.9, 20.3, 7.3],
			"to": [8.2, 20.4, 7.5],
			"rotation": {"angle": 0, "axis": "y", "origin": [8.00675, 9.99325, 8]},
			"faces": {
				"north": {"uv": [14, 0, 16, 16], "rotation": 180, "texture": "#2"},
				"east": {"uv": [14, 0, 16, 16], "rotation": 180, "texture": "#2"},
				"south": {"uv": [14, 0, 16, 16], "rotation": 180, "texture": "#2"},
				"west": {"uv": [14, 0, 16, 16], "rotation": 180, "texture": "#2"},
				"up": {"uv": [14, 0, 16, 16], "rotation": 180, "texture": "#2"},
				"down": {"uv": [14, 0, 16, 16], "rotation": 180, "texture": "#2"}
			}
		},
		{
			"from": [8, 20.4, 7.3],
			"to": [8.3, 20.5, 7.5],
			"rotation": {"angle": 0, "axis": "y", "origin": [8.00675, 9.99325, 8]},
			"faces": {
				"north": {"uv": [14, 0, 16, 16], "rotation": 180, "texture": "#2"},
				"east": {"uv": [14, 0, 16, 16], "rotation": 180, "texture": "#2"},
				"south": {"uv": [14, 0, 16, 16], "rotation": 180, "texture": "#2"},
				"west": {"uv": [14, 0, 16, 16], "rotation": 180, "texture": "#2"},
				"up": {"uv": [14, 0, 16, 16], "rotation": 180, "texture": "#2"},
				"down": {"uv": [14, 0, 16, 16], "rotation": 180, "texture": "#2"}
			}
		},
		{
			"from": [8.1, 20.5, 7.3],
			"to": [8.4, 20.6, 7.5],
			"rotation": {"angle": 0, "axis": "y", "origin": [8.00675, 9.99325, 8]},
			"faces": {
				"north": {"uv": [14, 0, 16, 16], "rotation": 180, "texture": "#2"},
				"east": {"uv": [14, 0, 16, 16], "rotation": 180, "texture": "#2"},
				"south": {"uv": [14, 0, 16, 16], "rotation": 180, "texture": "#2"},
				"west": {"uv": [14, 0, 16, 16], "rotation": 180, "texture": "#2"},
				"up": {"uv": [14, 0, 16, 16], "rotation": 180, "texture": "#2"},
				"down": {"uv": [14, 0, 16, 16], "rotation": 180, "texture": "#2"}
			}
		},
		{
			"from": [8.2, 20.6, 7.3],
			"to": [8.4, 20.7, 7.5],
			"rotation": {"angle": 0, "axis": "y", "origin": [8.00675, 9.99325, 8]},
			"faces": {
				"north": {"uv": [14, 0, 16, 16], "rotation": 180, "texture": "#2"},
				"east": {"uv": [14, 0, 16, 16], "rotation": 180, "texture": "#2"},
				"south": {"uv": [14, 0, 16, 16], "rotation": 180, "texture": "#2"},
				"west": {"uv": [14, 0, 16, 16], "rotation": 180, "texture": "#2"},
				"up": {"uv": [14, 0, 16, 16], "rotation": 180, "texture": "#2"},
				"down": {"uv": [14, 0, 16, 16], "rotation": 180, "texture": "#2"}
			}
		},
		{
			"from": [7, 6.4, 7.3],
			"to": [8.4, 13.4, 7.5],
			"rotation": {"angle": 0, "axis": "y", "origin": [8, 10, 8]},
			"faces": {
				"north": {"uv": [0, 0, 16, 16], "texture": "#2"},
				"east": {"uv": [0, 0, 0.2, 5], "texture": "#2"},
				"south": {"uv": [0, 0, 16, 16], "rotation": 180, "texture": "#2"},
				"west": {"uv": [15, 0, 16, 5], "texture": "#2"},
				"up": {"uv": [0, 0, 1.4, 0.2], "texture": "#2"},
				"down": {"uv": [0, 0, 1.4, 0.2], "texture": "#2"}
			}
		},
		{
			"from": [6.4, 6, 6.3],
			"to": [8.9, 6.4, 8.5],
			"rotation": {"angle": 0, "axis": "y", "origin": [8, 10, 8]},
			"faces": {
				"north": {"uv": [0, 0, 2.9, 0.4], "texture": "#0"},
				"east": {"uv": [0, 0, 1.2, 0.4], "texture": "#0"},
				"south": {"uv": [0, 0, 2.9, 0.4], "texture": "#0"},
				"west": {"uv": [0, 0, 1.2, 0.4], "texture": "#0"},
				"up": {"uv": [0, 0, 2.9, 1.2], "texture": "#0"},
				"down": {"uv": [0, 0, 2.9, 1.2], "texture": "#0"}
			}
		},
		{
			"from": [7.2, 1.6, 7],
			"to": [8.1, 2, 7.8],
			"rotation": {"angle": 0, "axis": "y", "origin": [8, 14, 8]},
			"faces": {
				"north": {"uv": [0, 0, 0.9, 0.4], "texture": "#0"},
				"east": {"uv": [0, 0, 0.8, 0.4], "texture": "#0"},
				"south": {"uv": [0, 0, 0.9, 0.4], "texture": "#0"},
				"west": {"uv": [0, 0, 0.8, 0.4], "texture": "#0"},
				"up": {"uv": [0, 0, 0.9, 0.8], "texture": "#0"},
				"down": {"uv": [0, 0, 0.9, 0.8], "texture": "#0"}
			}
		}
	],
	"display": {
		"thirdperson_righthand": {
			"rotation": [2, -90, 0],
			"translation": [-0.25, 4.5, 2.25],
			"scale": [0.75, 1.6, 1]
		},
		"thirdperson_lefthand": {
			"rotation": [0, -180, 0],
			"translation": [0.25, 2.25, 0.5]
		},
		"firstperson_righthand": {
			"rotation": [-18, -134, -8],
			"translation": [-3.5, 19, 2.5],
			"scale": [0.52, 0.88, 0.5]
		},
		"firstperson_lefthand": {
			"rotation": [-90, -180, 0],
			"translation": [-8.85, 5, 7],
			"scale": [0, 0, 0]
		},
		"gui": {
			"rotation": [0, 0, 45],
			"translation": [4.75, -4.75, -2.25],
			"scale": [0.67, 0.67, 0.67]
		},
		"head": {
			"translation": [1, 3.5, 9.5],
			"scale": [4, 4, 1]
		},
		"fixed": {
			"rotation": [0, 0, 54],
			"translation": [3.75, -3.25, -6.75]
		}
	},
	"groups": [
		{
			"name": "sword",
			"origin": [8, 8, 8],
			"children": [0, 1, 2, 3, 4, 5, 6, 7, 8, 9, 10, 11, 12, 13, 14, 15, 16, 17, 18, 19, 20, 21, 22, 23, 24, 25, 26, 27, 28, 29]
		}
	]
}