{
    "parent": "item/handheld_rod",
    "textures": {
        "layer0": "item/carrot_on_a_stick"
    },
	"overrides" :[
		{"predicate":{"custom_model_data":1},"model":"tool/cursor"},
		{"predicate":{"custom_model_data":10},"model":"tool/sword1"},
		{"predicate":{"custom_model_data":11},"model":"tool/sword2"},
		{"predicate":{"custom_model_data":12},"model":"tool/sword3"},
		{"predicate":{"custom_model_data":13},"model":"tool/sword4"},
		{"predicate":{"custom_model_data":14},"model":"tool/sword5"},
		{"predicate":{"custom_model_data":15},"model":"tool/sword6"},
		{"predicate":{"custom_model_data":16},"model":"tool/sword7"},
		{"predicate":{"custom_model_data":17},"model":"tool/sword8"},
		{"predicate":{"custom_model_data":18},"model":"tool/sword9"},
		{"predicate":{"custom_model_data":19},"model":"tool/sword10"},
		{"predicate":{"custom_model_data":20},"model":"tool/sword11"},
		{"predicate":{"custom_model_data":21},"model":"tool/sword12"},
		{"predicate":{"custom_model_data":22},"model":"tool/sword13"},
		{"predicate":{"custom_model_data":23},"model":"tool/sword14"},
		{"predicate":{"custom_model_data":24},"model":"tool/sword15"},
		{"predicate":{"custom_model_data":25},"model":"tool/sword16"},
		{"predicate":{"custom_model_data":26},"model":"item/enchanted_golden_apple"}
	]
}
