{
    "parent": "item/handheld_rod",
    "textures": {
        "layer0": "item/gray_dye"
    },
	"overrides" :[
		{"predicate":{"custom_model_data":1},"model":"classic_cards/13"},
		{"predicate":{"custom_model_data":2},"model":"classic_cards/14"},
		{"predicate":{"custom_model_data":3},"model":"classic_cards/15"},
		{"predicate":{"custom_model_data":4},"model":"classic_cards/16"},
		{"predicate":{"custom_model_data":5},"model":"classic_cards/17"},
		{"predicate":{"custom_model_data":6},"model":"classic_cards/18"},
		{"predicate":{"custom_model_data":7},"model":"classic_cards/19"},
		{"predicate":{"custom_model_data":8},"model":"classic_cards/20"},
		{"predicate":{"custom_model_data":9},"model":"classic_cards/21"},
		{"predicate":{"custom_model_data":10},"model":"classic_cards/22"},
		{"predicate":{"custom_model_data":11},"model":"classic_cards/23"},
		{"predicate":{"custom_model_data":21},"model":"classic_cards/1"},
		{"predicate":{"custom_model_data":22},"model":"classic_cards/2"},
		{"predicate":{"custom_model_data":23},"model":"classic_cards/3"},
		{"predicate":{"custom_model_data":24},"model":"classic_cards/4"},
		{"predicate":{"custom_model_data":25},"model":"classic_cards/5"},
		{"predicate":{"custom_model_data":26},"model":"classic_cards/6"},
		{"predicate":{"custom_model_data":27},"model":"classic_cards/7"},
		{"predicate":{"custom_model_data":28},"model":"classic_cards/8"},
		{"predicate":{"custom_model_data":29},"model":"classic_cards/9"},
		{"predicate":{"custom_model_data":30},"model":"classic_cards/10"},
		{"predicate":{"custom_model_data":31},"model":"classic_cards/11"},
		{"predicate":{"custom_model_data":32},"model":"classic_cards/12"},


		{"predicate":{"custom_model_data":41},"model":"dragons_cards/1"},
		{"predicate":{"custom_model_data":42},"model":"dragons_cards/2"},
		{"predicate":{"custom_model_data":43},"model":"dragons_cards/3"},
		{"predicate":{"custom_model_data":44},"model":"dragons_cards/4"},
		{"predicate":{"custom_model_data":45},"model":"dragons_cards/5"},
		{"predicate":{"custom_model_data":46},"model":"dragons_cards/6"},
		{"predicate":{"custom_model_data":47},"model":"dragons_cards/7"},
		{"predicate":{"custom_model_data":48},"model":"dragons_cards/8"},
		{"predicate":{"custom_model_data":49},"model":"dragons_cards/9"},
		{"predicate":{"custom_model_data":50},"model":"dragons_cards/10"},

		{"predicate":{"custom_model_data":61},"model":"knights_cards/1"},
		{"predicate":{"custom_model_data":62},"model":"knights_cards/2"},
		{"predicate":{"custom_model_data":63},"model":"knights_cards/3"},
		{"predicate":{"custom_model_data":64},"model":"knights_cards/4"},
		{"predicate":{"custom_model_data":65},"model":"knights_cards/5"},
		{"predicate":{"custom_model_data":66},"model":"knights_cards/6"},
		{"predicate":{"custom_model_data":67},"model":"knights_cards/7"},
		{"predicate":{"custom_model_data":68},"model":"knights_cards/8"},
		{"predicate":{"custom_model_data":69},"model":"knights_cards/9"},
		{"predicate":{"custom_model_data":70},"model":"knights_cards/10"},
		{"predicate":{"custom_model_data":71},"model":"knights_cards/1-1"},
		{"predicate":{"custom_model_data":72},"model":"knights_cards/7-1"},
		{"predicate":{"custom_model_data":73},"model":"knights_cards/10-1"},
		{"predicate":{"custom_model_data":74},"model":"knights_cards/8-1"},


		{"predicate":{"custom_model_data":81},"model":"gods_cards/1"},
		{"predicate":{"custom_model_data":82},"model":"gods_cards/2"},
		{"predicate":{"custom_model_data":83},"model":"gods_cards/3"},
		{"predicate":{"custom_model_data":84},"model":"gods_cards/4"},
		{"predicate":{"custom_model_data":85},"model":"gods_cards/5"},
		{"predicate":{"custom_model_data":86},"model":"gods_cards/6"},
		{"predicate":{"custom_model_data":87},"model":"gods_cards/7"},
		{"predicate":{"custom_model_data":88},"model":"gods_cards/8"},
		{"predicate":{"custom_model_data":89},"model":"gods_cards/9"},
		{"predicate":{"custom_model_data":90},"model":"gods_cards/10"},
		{"predicate":{"custom_model_data":91},"model":"gods_cards/4-1"},



		{"predicate":{"custom_model_data":101},"model":"dragons_minions/1"},
		{"predicate":{"custom_model_data":102},"model":"dragons_minions/2"},
		{"predicate":{"custom_model_data":103},"model":"dragons_minions/3"},
		{"predicate":{"custom_model_data":104},"model":"dragons_minions/4"},
		{"predicate":{"custom_model_data":105},"model":"dragons_minions/5"},
		{"predicate":{"custom_model_data":106},"model":"dragons_minions/6"},
		{"predicate":{"custom_model_data":107},"model":"dragons_minions/7"},
		{"predicate":{"custom_model_data":108},"model":"dragons_minions/8"},
		{"predicate":{"custom_model_data":109},"model":"dragons_minions/9"},
	
		{"predicate":{"custom_model_data":110},"model":"dragons_minions2/1"},
		{"predicate":{"custom_model_data":111},"model":"dragons_minions2/2"},
		{"predicate":{"custom_model_data":112},"model":"dragons_minions2/3"},
		{"predicate":{"custom_model_data":113},"model":"dragons_minions2/4"},
		{"predicate":{"custom_model_data":114},"model":"dragons_minions2/5"},
		{"predicate":{"custom_model_data":115},"model":"dragons_minions2/6"},
		{"predicate":{"custom_model_data":116},"model":"dragons_minions2/7"},
		{"predicate":{"custom_model_data":117},"model":"dragons_minions2/8"},
		{"predicate":{"custom_model_data":118},"model":"dragons_minions2/9"},




		{"predicate":{"custom_model_data":201},"model":"knights_minions/1"},
		{"predicate":{"custom_model_data":202},"model":"knights_minions/2"},
		{"predicate":{"custom_model_data":203},"model":"knights_minions/3"},
		{"predicate":{"custom_model_data":204},"model":"knights_minions/4"},
		{"predicate":{"custom_model_data":205},"model":"knights_minions/5"},
		{"predicate":{"custom_model_data":206},"model":"knights_minions/6"},
		{"predicate":{"custom_model_data":207},"model":"knights_minions/7"},
		{"predicate":{"custom_model_data":208},"model":"knights_minions/8"},
		{"predicate":{"custom_model_data":209},"model":"knights_minions/9"},
		{"predicate":{"custom_model_data":210},"model":"knights_minions/10"},
		{"predicate":{"custom_model_data":211},"model":"knights_minions/11"},
		{"predicate":{"custom_model_data":212},"model":"knights_minions/12"},
		{"predicate":{"custom_model_data":213},"model":"knights_minions/13"},
		{"predicate":{"custom_model_data":214},"model":"knights_minions/14"},
		{"predicate":{"custom_model_data":215},"model":"knights_minions/15"},
		{"predicate":{"custom_model_data":216},"model":"knights_minions2/1"},
		{"predicate":{"custom_model_data":217},"model":"knights_minions2/2"},
		{"predicate":{"custom_model_data":218},"model":"knights_minions2/3"},
		{"predicate":{"custom_model_data":219},"model":"knights_minions2/4"},
		{"predicate":{"custom_model_data":220},"model":"knights_minions2/5"},
		{"predicate":{"custom_model_data":221},"model":"knights_minions2/6"},
		{"predicate":{"custom_model_data":222},"model":"knights_minions2/7"},
		{"predicate":{"custom_model_data":223},"model":"knights_minions2/8"},
		{"predicate":{"custom_model_data":224},"model":"knights_minions2/9"},
		{"predicate":{"custom_model_data":225},"model":"knights_minions2/10"},
		{"predicate":{"custom_model_data":226},"model":"knights_minions2/11"},
		{"predicate":{"custom_model_data":227},"model":"knights_minions2/12"},
		{"predicate":{"custom_model_data":228},"model":"knights_minions2/13"},
		{"predicate":{"custom_model_data":229},"model":"knights_minions2/14"},
		{"predicate":{"custom_model_data":230},"model":"knights_minions2/15"},


		{"predicate":{"custom_model_data":301},"model":"constellations_minions/1"},
		{"predicate":{"custom_model_data":302},"model":"constellations_minions/2"},
		{"predicate":{"custom_model_data":303},"model":"constellations_minions/3"},
		{"predicate":{"custom_model_data":304},"model":"constellations_minions/4"},
		{"predicate":{"custom_model_data":305},"model":"constellations_minions/5"},
		{"predicate":{"custom_model_data":306},"model":"constellations_minions/6"},
		{"predicate":{"custom_model_data":307},"model":"constellations_minions/7"},
		{"predicate":{"custom_model_data":308},"model":"constellations_minions/8"},
		{"predicate":{"custom_model_data":309},"model":"constellations_minions/9"},
		{"predicate":{"custom_model_data":310},"model":"constellations_minions/10"},
		{"predicate":{"custom_model_data":311},"model":"constellations_minions/11"},
		{"predicate":{"custom_model_data":312},"model":"constellations_minions/12"},
		{"predicate":{"custom_model_data":313},"model":"constellations_minions2/1"},
		{"predicate":{"custom_model_data":314},"model":"constellations_minions2/2"},
		{"predicate":{"custom_model_data":315},"model":"constellations_minions2/3"},
		{"predicate":{"custom_model_data":316},"model":"constellations_minions2/4"},
		{"predicate":{"custom_model_data":317},"model":"constellations_minions2/5"},
		{"predicate":{"custom_model_data":318},"model":"constellations_minions2/6"},
		{"predicate":{"custom_model_data":319},"model":"constellations_minions2/7"},
		{"predicate":{"custom_model_data":320},"model":"constellations_minions2/8"},
		{"predicate":{"custom_model_data":321},"model":"constellations_minions2/9"},
		{"predicate":{"custom_model_data":322},"model":"constellations_minions2/10"},
		{"predicate":{"custom_model_data":323},"model":"constellations_minions2/11"},
		{"predicate":{"custom_model_data":324},"model":"constellations_minions2/12"},


		{"predicate":{"custom_model_data":401},"model":"potato_minions/1"},
		{"predicate":{"custom_model_data":402},"model":"potato_minions/2"},
		{"predicate":{"custom_model_data":403},"model":"potato_minions/3"},
		{"predicate":{"custom_model_data":404},"model":"potato_minions/4"},
		{"predicate":{"custom_model_data":405},"model":"potato_minions/5"},
		{"predicate":{"custom_model_data":406},"model":"potato_minions/6"},
		{"predicate":{"custom_model_data":407},"model":"potato_minions/7"},
		{"predicate":{"custom_model_data":408},"model":"potato_minions/8"},
		{"predicate":{"custom_model_data":409},"model":"potato_minions/9"},
		{"predicate":{"custom_model_data":410},"model":"potato_minions/10"},
		{"predicate":{"custom_model_data":411},"model":"potato_minions/11"},
		{"predicate":{"custom_model_data":412},"model":"potato_minions/12"},
		
		{"predicate":{"custom_model_data":413},"model":"potato_minions2/1"},
		{"predicate":{"custom_model_data":414},"model":"potato_minions2/2"},
		{"predicate":{"custom_model_data":415},"model":"potato_minions2/3"},
		{"predicate":{"custom_model_data":416},"model":"potato_minions2/4"},
		{"predicate":{"custom_model_data":417},"model":"potato_minions2/5"},
		{"predicate":{"custom_model_data":418},"model":"potato_minions2/6"},
		{"predicate":{"custom_model_data":419},"model":"potato_minions2/7"},
		{"predicate":{"custom_model_data":420},"model":"potato_minions2/8"},
		{"predicate":{"custom_model_data":421},"model":"potato_minions2/9"},
		{"predicate":{"custom_model_data":422},"model":"potato_minions2/10"},
		{"predicate":{"custom_model_data":423},"model":"potato_minions2/11"},
		{"predicate":{"custom_model_data":424},"model":"potato_minions2/12"},



		{"predicate":{"custom_model_data":501},"model":"gods_minions/1"},
		{"predicate":{"custom_model_data":502},"model":"gods_minions/2"},
		{"predicate":{"custom_model_data":503},"model":"gods_minions/3"},
		{"predicate":{"custom_model_data":504},"model":"gods_minions/4"},
		{"predicate":{"custom_model_data":505},"model":"gods_minions/5"},
		{"predicate":{"custom_model_data":506},"model":"gods_minions/6"},
		{"predicate":{"custom_model_data":507},"model":"gods_minions/7"},
		{"predicate":{"custom_model_data":508},"model":"gods_minions/8"},
		{"predicate":{"custom_model_data":509},"model":"gods_minions/9"},
		{"predicate":{"custom_model_data":510},"model":"gods_minions/10"},
		{"predicate":{"custom_model_data":511},"model":"gods_minions/11"},
		{"predicate":{"custom_model_data":512},"model":"gods_minions/12"},
		{"predicate":{"custom_model_data":513},"model":"gods_minions/13"},
		{"predicate":{"custom_model_data":514},"model":"gods_minions/14"},
		{"predicate":{"custom_model_data":515},"model":"gods_minions/15"},
		{"predicate":{"custom_model_data":516},"model":"gods_minions2/1"},
		{"predicate":{"custom_model_data":517},"model":"gods_minions2/2"},
		{"predicate":{"custom_model_data":518},"model":"gods_minions2/3"},
		{"predicate":{"custom_model_data":519},"model":"gods_minions2/4"},
		{"predicate":{"custom_model_data":520},"model":"gods_minions2/5"},
		{"predicate":{"custom_model_data":521},"model":"gods_minions2/6"},
		{"predicate":{"custom_model_data":522},"model":"gods_minions2/7"},
		{"predicate":{"custom_model_data":523},"model":"gods_minions2/8"},
		{"predicate":{"custom_model_data":524},"model":"gods_minions2/9"},
		{"predicate":{"custom_model_data":525},"model":"gods_minions2/10"},
		{"predicate":{"custom_model_data":526},"model":"gods_minions2/11"},
		{"predicate":{"custom_model_data":527},"model":"gods_minions2/12"},
		{"predicate":{"custom_model_data":528},"model":"gods_minions2/13"},
		{"predicate":{"custom_model_data":529},"model":"gods_minions2/14"},
		{"predicate":{"custom_model_data":530},"model":"gods_minions2/15"},
		{"predicate":{"custom_model_data":531},"model":"gods_minions2/2-1"},
		{"predicate":{"custom_model_data":532},"model":"gods_minions2/1-1"},
		{"predicate":{"custom_model_data":533},"model":"gods_minions/1-1"},
		{"predicate":{"custom_model_data":534},"model":"gods_minions/2-1"},


		{"predicate":{"custom_model_data":900},"model":"constellations_cards/1"},
		{"predicate":{"custom_model_data":901},"model":"constellations_cards/2"},
		{"predicate":{"custom_model_data":902},"model":"constellations_cards/3"},
		{"predicate":{"custom_model_data":903},"model":"constellations_cards/4"},
		{"predicate":{"custom_model_data":904},"model":"constellations_cards/5"},
		{"predicate":{"custom_model_data":905},"model":"constellations_cards/6"},
		{"predicate":{"custom_model_data":906},"model":"constellations_cards/7"},
		{"predicate":{"custom_model_data":907},"model":"constellations_cards/8"},
		{"predicate":{"custom_model_data":908},"model":"constellations_cards/9"},
		{"predicate":{"custom_model_data":909},"model":"constellations_cards/10"},
		{"predicate":{"custom_model_data":910},"model":"constellations_cards/10-1"},
		{"predicate":{"custom_model_data":911},"model":"constellations_cards/10-2"},
		{"predicate":{"custom_model_data":912},"model":"constellations_cards/10-3"},
		{"predicate":{"custom_model_data":913},"model":"constellations_cards/11"},
		{"predicate":{"custom_model_data":914},"model":"constellations_cards/9-1"},
		{"predicate":{"custom_model_data":915},"model":"constellations_cards/9-2"},



		{"predicate":{"custom_model_data":1000},"model":"potato_cards/1"},
		{"predicate":{"custom_model_data":1001},"model":"potato_cards/2"},
		{"predicate":{"custom_model_data":1002},"model":"potato_cards/3"},
		{"predicate":{"custom_model_data":1003},"model":"potato_cards/4"},
		{"predicate":{"custom_model_data":1004},"model":"potato_cards/5"},
		{"predicate":{"custom_model_data":1005},"model":"potato_cards/6"},
		{"predicate":{"custom_model_data":1006},"model":"potato_cards/7"},
		{"predicate":{"custom_model_data":1007},"model":"potato_cards/8"},
		{"predicate":{"custom_model_data":1008},"model":"potato_cards/9"},
		{"predicate":{"custom_model_data":1009},"model":"potato_cards/10"},
		{"predicate":{"custom_model_data":1010},"model":"potato_cards/9-1"},
		{"predicate":{"custom_model_data":1011},"model":"potato_cards/11"},
		{"predicate":{"custom_model_data":1012},"model":"potato_cards/12"},




		{"predicate":{"custom_model_data":10000},"model":"classic_cards/card"}
	]
}
