{
	"credit": "Made with Blockbench",
	"textures": {
		"0": "block/red_stained_glass",
		"particle": "block/red_stained_glass"
	},
	"elements": [
		{
			"from": [0, 16, -8],
			"to": [16, 32, -7],
			"rotation": {"angle": 0, "axis": "y", "origin": [9, 8, 16]},
			"faces": {
				"north": {"uv": [0, 0, 16, 16], "texture": "#0"},
				"east": {"uv": [0, 0, 1, 16], "texture": "#0"},
				"south": {"uv": [0, 0, 16, 16], "texture": "#0"},
				"west": {"uv": [0, 0, 1, 16], "texture": "#0"},
				"up": {"uv": [0, 0, 16, 1], "texture": "#0"},
				"down": {"uv": [0, 0, 16, 1], "texture": "#0"}
			}
		},
		{
			"from": [0, 0, -8],
			"to": [16, 16, -7],
			"rotation": {"angle": 0, "axis": "y", "origin": [9, -8, 16]},
			"faces": {
				"north": {"uv": [0, 0, 16, 16], "texture": "#0"},
				"east": {"uv": [0, 0, 1, 16], "texture": "#0"},
				"south": {"uv": [0, 0, 16, 16], "texture": "#0"},
				"west": {"uv": [0, 0, 1, 16], "texture": "#0"},
				"up": {"uv": [0, 0, 16, 1], "texture": "#0"},
				"down": {"uv": [0, 0, 16, 1], "texture": "#0"}
			}
		},
		{
			"from": [0, -16, -8],
			"to": [16, 0, -7],
			"rotation": {"angle": 0, "axis": "y", "origin": [9, -24, 16]},
			"faces": {
				"north": {"uv": [0, 0, 16, 16], "texture": "#0"},
				"east": {"uv": [0, 0, 1, 16], "texture": "#0"},
				"south": {"uv": [0, 0, 16, 16], "texture": "#0"},
				"west": {"uv": [0, 0, 1, 16], "texture": "#0"},
				"up": {"uv": [0, 0, 16, 1], "texture": "#0"},
				"down": {"uv": [0, 0, 16, 1], "texture": "#0"}
			}
		},
		{
			"from": [0, 16, 23],
			"to": [16, 32, 24],
			"rotation": {"angle": 0, "axis": "y", "origin": [9, 8, 17]},
			"faces": {
				"north": {"uv": [0, 0, 16, 16], "texture": "#0"},
				"east": {"uv": [0, 0, 1, 16], "texture": "#0"},
				"south": {"uv": [0, 0, 16, 16], "texture": "#0"},
				"west": {"uv": [0, 0, 1, 16], "texture": "#0"},
				"up": {"uv": [0, 0, 16, 1], "texture": "#0"},
				"down": {"uv": [0, 0, 16, 1], "texture": "#0"}
			}
		},
		{
			"from": [0, 0, 23],
			"to": [16, 16, 24],
			"rotation": {"angle": 0, "axis": "y", "origin": [9, -8, 17]},
			"faces": {
				"north": {"uv": [0, 0, 16, 16], "texture": "#0"},
				"east": {"uv": [0, 0, 1, 16], "texture": "#0"},
				"south": {"uv": [0, 0, 16, 16], "texture": "#0"},
				"west": {"uv": [0, 0, 1, 16], "texture": "#0"},
				"up": {"uv": [0, 0, 16, 1], "texture": "#0"},
				"down": {"uv": [0, 0, 16, 1], "texture": "#0"}
			}
		},
		{
			"from": [0, -16, 23],
			"to": [16, 0, 24],
			"rotation": {"angle": 0, "axis": "y", "origin": [9, -24, 17]},
			"faces": {
				"north": {"uv": [0, 0, 16, 16], "texture": "#0"},
				"east": {"uv": [0, 0, 1, 16], "texture": "#0"},
				"south": {"uv": [0, 0, 16, 16], "texture": "#0"},
				"west": {"uv": [0, 0, 1, 16], "texture": "#0"},
				"up": {"uv": [0, 0, 16, 1], "texture": "#0"},
				"down": {"uv": [0, 0, 16, 1], "texture": "#0"}
			}
		},
		{
			"from": [23, 16, 0],
			"to": [24, 32, 16],
			"rotation": {"angle": 0, "axis": "y", "origin": [47, 8, 7]},
			"faces": {
				"north": {"uv": [0, 0, 1, 16], "texture": "#0"},
				"east": {"uv": [0, 0, 16, 16], "texture": "#0"},
				"south": {"uv": [0, 0, 1, 16], "texture": "#0"},
				"west": {"uv": [0, 0, 16, 16], "texture": "#0"},
				"up": {"uv": [0, 0, 16, 1], "rotation": 270, "texture": "#0"},
				"down": {"uv": [0, 0, 16, 1], "rotation": 90, "texture": "#0"}
			}
		},
		{
			"from": [23, 0, 0],
			"to": [24, 16, 16],
			"rotation": {"angle": 0, "axis": "y", "origin": [47, -8, 7]},
			"faces": {
				"north": {"uv": [0, 0, 1, 16], "texture": "#0"},
				"east": {"uv": [0, 0, 16, 16], "texture": "#0"},
				"south": {"uv": [0, 0, 1, 16], "texture": "#0"},
				"west": {"uv": [0, 0, 16, 16], "texture": "#0"},
				"up": {"uv": [0, 0, 16, 1], "rotation": 270, "texture": "#0"},
				"down": {"uv": [0, 0, 16, 1], "rotation": 90, "texture": "#0"}
			}
		},
		{
			"from": [23, -16, 0],
			"to": [24, 0, 16],
			"rotation": {"angle": 0, "axis": "y", "origin": [47, -24, 7]},
			"faces": {
				"north": {"uv": [0, 0, 1, 16], "texture": "#0"},
				"east": {"uv": [0, 0, 16, 16], "texture": "#0"},
				"south": {"uv": [0, 0, 1, 16], "texture": "#0"},
				"west": {"uv": [0, 0, 16, 16], "texture": "#0"},
				"up": {"uv": [0, 0, 16, 1], "rotation": 270, "texture": "#0"},
				"down": {"uv": [0, 0, 16, 1], "rotation": 90, "texture": "#0"}
			}
		},
		{
			"from": [-8, 16, 0],
			"to": [-7, 32, 16],
			"rotation": {"angle": 0, "axis": "y", "origin": [16, 8, 7]},
			"faces": {
				"north": {"uv": [0, 0, 1, 16], "texture": "#0"},
				"east": {"uv": [0, 0, 16, 16], "texture": "#0"},
				"south": {"uv": [0, 0, 1, 16], "texture": "#0"},
				"west": {"uv": [0, 0, 16, 16], "texture": "#0"},
				"up": {"uv": [0, 0, 16, 1], "rotation": 270, "texture": "#0"},
				"down": {"uv": [0, 0, 16, 1], "rotation": 90, "texture": "#0"}
			}
		},
		{
			"from": [-8, 0, 0],
			"to": [-7, 16, 16],
			"rotation": {"angle": 0, "axis": "y", "origin": [16, -8, 7]},
			"faces": {
				"north": {"uv": [0, 0, 1, 16], "texture": "#0"},
				"east": {"uv": [0, 0, 16, 16], "texture": "#0"},
				"south": {"uv": [0, 0, 1, 16], "texture": "#0"},
				"west": {"uv": [0, 0, 16, 16], "texture": "#0"},
				"up": {"uv": [0, 0, 16, 1], "rotation": 270, "texture": "#0"},
				"down": {"uv": [0, 0, 16, 1], "rotation": 90, "texture": "#0"}
			}
		},
		{
			"from": [-8, -16, 0],
			"to": [-7, 0, 16],
			"rotation": {"angle": 0, "axis": "y", "origin": [16, -24, 7]},
			"faces": {
				"north": {"uv": [0, 0, 1, 16], "texture": "#0"},
				"east": {"uv": [0, 0, 16, 16], "texture": "#0"},
				"south": {"uv": [0, 0, 1, 16], "texture": "#0"},
				"west": {"uv": [0, 0, 16, 16], "texture": "#0"},
				"up": {"uv": [0, 0, 16, 1], "rotation": 270, "texture": "#0"},
				"down": {"uv": [0, 0, 16, 1], "rotation": 90, "texture": "#0"}
			}
		},
		{
			"from": [17.70227, 16.09538, -8.33667],
			"to": [18.69806, 32, 2.96717],
			"rotation": {"angle": 45, "axis": "y", "origin": [17.69806, 8.09538, -4.88753]},
			"faces": {
				"north": {"uv": [0, 0, 0.9958, 15.90462], "texture": "#0"},
				"east": {"uv": [0, 0, 11.30383, 15.90462], "texture": "#0"},
				"south": {"uv": [0, 0, 0.9958, 15.90462], "texture": "#0"},
				"west": {"uv": [0, 0, 11.30383, 15.90462], "texture": "#0"},
				"up": {"uv": [0, 0, 11.30383, 0.9958], "rotation": 270, "texture": "#0"},
				"down": {"uv": [0, 0, 11.30383, 0.9958], "rotation": 90, "texture": "#0"}
			}
		},
		{
			"from": [17.70227, 0.09538, -8.33667],
			"to": [18.69806, 16, 2.96717],
			"rotation": {"angle": 45, "axis": "y", "origin": [17.69806, -7.90462, -4.88753]},
			"faces": {
				"north": {"uv": [0, 0, 0.9958, 15.90462], "texture": "#0"},
				"east": {"uv": [0, 0, 11.30383, 15.90462], "texture": "#0"},
				"south": {"uv": [0, 0, 0.9958, 15.90462], "texture": "#0"},
				"west": {"uv": [0, 0, 11.30383, 15.90462], "texture": "#0"},
				"up": {"uv": [0, 0, 11.30383, 0.9958], "rotation": 270, "texture": "#0"},
				"down": {"uv": [0, 0, 11.30383, 0.9958], "rotation": 90, "texture": "#0"}
			}
		},
		{
			"from": [17.70227, -15.90462, -8.33667],
			"to": [18.69806, 0, 2.96717],
			"rotation": {"angle": 45, "axis": "y", "origin": [17.69806, -23.90462, -4.88753]},
			"faces": {
				"north": {"uv": [0, 0, 0.9958, 15.90462], "texture": "#0"},
				"east": {"uv": [0, 0, 11.30383, 15.90462], "texture": "#0"},
				"south": {"uv": [0, 0, 0.9958, 15.90462], "texture": "#0"},
				"west": {"uv": [0, 0, 11.30383, 15.90462], "texture": "#0"},
				"up": {"uv": [0, 0, 11.30383, 0.9958], "rotation": 270, "texture": "#0"},
				"down": {"uv": [0, 0, 11.30383, 0.9958], "rotation": 90, "texture": "#0"}
			}
		},
		{
			"from": [-8.2974, 15.96905, -2.69266],
			"to": [3.00643, 32, -1.69686],
			"rotation": {"angle": 45, "axis": "y", "origin": [-4.84827, 7.96905, -1.69266]},
			"faces": {
				"north": {"uv": [0, 0, 11.30383, 16], "texture": "#0"},
				"east": {"uv": [0, 0, 0.9958, 16], "texture": "#0"},
				"south": {"uv": [0, 0, 11.30383, 16], "texture": "#0"},
				"west": {"uv": [0, 0, 0.9958, 16], "texture": "#0"},
				"up": {"uv": [0, 0, 11.30383, 0.9958], "rotation": 180, "texture": "#0"},
				"down": {"uv": [0, 0, 11.30383, 0.9958], "rotation": 180, "texture": "#0"}
			}
		},
		{
			"from": [-8.2974, -0.03095, -2.69266],
			"to": [3.00643, 16, -1.69686],
			"rotation": {"angle": 45, "axis": "y", "origin": [-4.84827, -8.03095, -1.69266]},
			"faces": {
				"north": {"uv": [0, 0, 11.30383, 16], "texture": "#0"},
				"east": {"uv": [0, 0, 0.9958, 16], "texture": "#0"},
				"south": {"uv": [0, 0, 11.30383, 16], "texture": "#0"},
				"west": {"uv": [0, 0, 0.9958, 16], "texture": "#0"},
				"up": {"uv": [0, 0, 11.30383, 0.9958], "rotation": 180, "texture": "#0"},
				"down": {"uv": [0, 0, 11.30383, 0.9958], "rotation": 180, "texture": "#0"}
			}
		},
		{
			"from": [-8.2974, -16, -2.69266],
			"to": [3.00643, 0, -1.69686],
			"rotation": {"angle": 45, "axis": "y", "origin": [-4.84827, -23.03095, -1.69266]},
			"faces": {
				"north": {"uv": [0, 0, 11.30383, 16], "texture": "#0"},
				"east": {"uv": [0, 0, 0.9958, 16], "texture": "#0"},
				"south": {"uv": [0, 0, 11.30383, 16], "texture": "#0"},
				"west": {"uv": [0, 0, 0.9958, 16], "texture": "#0"},
				"up": {"uv": [0, 0, 11.30383, 0.9958], "rotation": 180, "texture": "#0"},
				"down": {"uv": [0, 0, 11.30383, 0.9958], "rotation": 180, "texture": "#0"}
			}
		},
		{
			"from": [15.04016, 16.01414, 20.5165],
			"to": [26.34399, 32, 21.5123],
			"rotation": {"angle": 45, "axis": "y", "origin": [18.48929, 8.01414, 21.5165]},
			"faces": {
				"north": {"uv": [0, 0, 11.30383, 15.98586], "texture": "#0"},
				"east": {"uv": [0, 0, 0.9958, 15.98586], "texture": "#0"},
				"south": {"uv": [0, 0, 11.30383, 15.98586], "texture": "#0"},
				"west": {"uv": [0, 0, 0.9958, 15.98586], "texture": "#0"},
				"up": {"uv": [0, 0, 11.30383, 0.9958], "rotation": 180, "texture": "#0"},
				"down": {"uv": [0, 0, 11.30383, 0.9958], "rotation": 180, "texture": "#0"}
			}
		},
		{
			"from": [15.04016, 0.01414, 20.5165],
			"to": [26.34399, 16, 21.5123],
			"rotation": {"angle": 45, "axis": "y", "origin": [18.48929, -7.98586, 21.5165]},
			"faces": {
				"north": {"uv": [0, 0, 11.30383, 15.98586], "texture": "#0"},
				"east": {"uv": [0, 0, 0.9958, 15.98586], "texture": "#0"},
				"south": {"uv": [0, 0, 11.30383, 15.98586], "texture": "#0"},
				"west": {"uv": [0, 0, 0.9958, 15.98586], "texture": "#0"},
				"up": {"uv": [0, 0, 11.30383, 0.9958], "rotation": 180, "texture": "#0"},
				"down": {"uv": [0, 0, 11.30383, 0.9958], "rotation": 180, "texture": "#0"}
			}
		},
		{
			"from": [15.04016, -15.98586, 20.5165],
			"to": [26.34399, 0, 21.5123],
			"rotation": {"angle": 45, "axis": "y", "origin": [18.48929, -23.98586, 21.5165]},
			"faces": {
				"north": {"uv": [0, 0, 11.30383, 15.98586], "texture": "#0"},
				"east": {"uv": [0, 0, 0.9958, 15.98586], "texture": "#0"},
				"south": {"uv": [0, 0, 11.30383, 15.98586], "texture": "#0"},
				"west": {"uv": [0, 0, 0.9958, 15.98586], "texture": "#0"},
				"up": {"uv": [0, 0, 11.30383, 0.9958], "rotation": 180, "texture": "#0"},
				"down": {"uv": [0, 0, 11.30383, 0.9958], "rotation": 180, "texture": "#0"}
			}
		},
		{
			"from": [-5.55986, 16.01399, 14.99274],
			"to": [-4.56407, 32, 26.29658],
			"rotation": {"angle": 45, "axis": "y", "origin": [-5.56407, 8.01399, 18.44188]},
			"faces": {
				"north": {"uv": [0, 0, 0.9958, 15.98601], "texture": "#0"},
				"east": {"uv": [0, 0, 11.30383, 15.98601], "texture": "#0"},
				"south": {"uv": [0, 0, 0.9958, 15.98601], "texture": "#0"},
				"west": {"uv": [0, 0, 11.30383, 15.98601], "texture": "#0"},
				"up": {"uv": [0, 0, 11.30383, 0.9958], "rotation": 270, "texture": "#0"},
				"down": {"uv": [0, 0, 11.30383, 0.9958], "rotation": 90, "texture": "#0"}
			}
		},
		{
			"from": [-5.55986, 0.01399, 14.99274],
			"to": [-4.56407, 16, 26.29658],
			"rotation": {"angle": 45, "axis": "y", "origin": [-5.56407, -7.98601, 18.44188]},
			"faces": {
				"north": {"uv": [0, 0, 0.9958, 15.98601], "texture": "#0"},
				"east": {"uv": [0, 0, 11.30383, 15.98601], "texture": "#0"},
				"south": {"uv": [0, 0, 0.9958, 15.98601], "texture": "#0"},
				"west": {"uv": [0, 0, 11.30383, 15.98601], "texture": "#0"},
				"up": {"uv": [0, 0, 11.30383, 0.9958], "rotation": 270, "texture": "#0"},
				"down": {"uv": [0, 0, 11.30383, 0.9958], "rotation": 90, "texture": "#0"}
			}
		},
		{
			"from": [-5.55986, -15.98601, 14.99274],
			"to": [-4.56407, 0, 26.29658],
			"rotation": {"angle": 45, "axis": "y", "origin": [-5.56407, -23.98601, 18.44188]},
			"faces": {
				"north": {"uv": [0, 0, 0.9958, 15.98601], "texture": "#0"},
				"east": {"uv": [0, 0, 11.30383, 15.98601], "texture": "#0"},
				"south": {"uv": [0, 0, 0.9958, 15.98601], "texture": "#0"},
				"west": {"uv": [0, 0, 11.30383, 15.98601], "texture": "#0"},
				"up": {"uv": [0, 0, 11.30383, 0.9958], "rotation": 270, "texture": "#0"},
				"down": {"uv": [0, 0, 11.30383, 0.9958], "rotation": 90, "texture": "#0"}
			}
		}
	]
}