{
	"credit": "Made with Blockbench",
	"textures": {
		"particle": "skins/mijiale",
		"1_0": "skins/mijiale"
	},
	"elements": [
		{
			"name": "layer",
			"from": [-0.25, -0.25, -0.25],
			"to": [16.25, 16.25, 16.25],
			"rotation": {"angle": 0, "axis": "y", "origin": [7, 5, 10]},
			"faces": {
				"north": {"uv": [10, 2, 12, 4], "texture": "#1_0"},
				"east": {"uv": [8, 2, 10, 4], "texture": "#1_0"},
				"south": {"uv": [14, 2, 16, 4], "texture": "#1_0"},
				"west": {"uv": [12, 2, 14, 4], "texture": "#1_0"},
				"up": {"uv": [10, 0, 12, 2], "texture": "#1_0"},
				"down": {"uv": [12, 0, 14, 2], "texture": "#1_0"}
			}
		},
		{
			"name": "head",
			"from": [0, 0, 0],
			"to": [16, 16, 16],
			"rotation": {"angle": 0, "axis": "y", "origin": [7, 5, 10]},
			"faces": {
				"north": {"uv": [2, 2, 4, 4], "texture": "#1_0"},
				"east": {"uv": [0, 2, 2, 4], "texture": "#1_0"},
				"south": {"uv": [6, 2, 8, 4], "texture": "#1_0"},
				"west": {"uv": [4, 2, 6, 4], "texture": "#1_0"},
				"up": {"uv": [2, 0, 4, 2], "rotation": 180, "texture": "#1_0"},
				"down": {"uv": [4, 0, 6, 2], "texture": "#1_0"}
			}
		}
	],
	"gui_light": "front",
	"display": {
		"thirdperson_righthand": {
			"rotation": [45, -135, 0],
			"translation": [0, 1.5, 0],
			"scale": [0.25, 0.25, 0.25]
		},
		"thirdperson_lefthand": {
			"rotation": [45, -135, 0],
			"translation": [0, 1.5, 0],
			"scale": [0.25, 0.25, 0.25]
		},
		"firstperson_righthand": {
			"translation": [0, -4, 0],
			"scale": [0.5, 0.5, 0.5]
		},
		"firstperson_lefthand": {
			"translation": [-0.5, -4.5, 0],
			"scale": [0.5, 0.5, 0.5]
		},
		"ground": {
			"scale": [0, 1, 1]
		},
		"gui": {
			"rotation": [0, -180, 0],
			"translation": [0, 0.5, 0]
		},
		"head": {
			"scale": [0.95, 0.95, 0.95]
		},
		"fixed": {
			"scale": [0.5, 0.5, 0.5]
		}
	},
	"groups": [
		{
			"name": "head",
			"origin": [7, 28, 8],
			"children": [0, 1]
		}
	]
}