{
	"credit": "Made with Blockbench",
	"textures": {
		"0": "t_dragons_minions/back",
		"1": "t_dragons_minions/3",
		"particle": "t_dragons_minions/back"
	},
	"elements": [
		{
			"from": [0, 0, 0],
			"to": [9, 16, 0.2],
			"faces": {
				"north": {"uv": [0, 0, 9, 16], "texture": "#0"},
				"south": {"uv": [0, 0, 9, 16], "texture": "#1"}
			}
		},
		{
			"from": [0.25, 0.75, 0],
			"to": [0.5, 1, 0.2],
			"faces": {
				"north": {"uv": [0, 1.125, 0.25, 1.325], "texture": "#0"},
				"east": {"uv": [0, 1.125, 0.25, 1.325], "texture": "#0"},
				"south": {"uv": [0, 1.125, 0.25, 1.325], "texture": "#0"},
				"west": {"uv": [0, 1.125, 0.25, 1.325], "texture": "#0"},
				"up": {"uv": [0, 1.125, 0.25, 1.325], "texture": "#0"},
				"down": {"uv": [0, 1.125, 0.25, 1.325], "texture": "#0"}
			}
		},
		{
			"from": [0, 1, 0],
			"to": [0.25, 15, 0.2],
			"faces": {
				"north": {"uv": [0, 1.125, 0.25, 1.325], "texture": "#0"},
				"east": {"uv": [0, 1.125, 0.25, 1.325], "texture": "#0"},
				"south": {"uv": [0, 1.125, 0.25, 1.325], "texture": "#0"},
				"west": {"uv": [0, 1.125, 0.25, 1.325], "texture": "#0"},
				"up": {"uv": [0, 1.125, 0.25, 1.325], "texture": "#0"},
				"down": {"uv": [0, 1.125, 0.25, 1.325], "texture": "#0"}
			}
		},
		{
			"from": [8.75, 1, 0],
			"to": [9, 15, 0.2],
			"rotation": {"angle": 0, "axis": "y", "origin": [1, 8, 8]},
			"faces": {
				"north": {"uv": [0, 1.125, 0.25, 1.325], "texture": "#0"},
				"east": {"uv": [0, 1.125, 0.25, 1.325], "texture": "#0"},
				"south": {"uv": [0, 1.125, 0.25, 1.325], "texture": "#0"},
				"west": {"uv": [0, 1.125, 0.25, 1.325], "texture": "#0"},
				"up": {"uv": [0, 1.125, 0.25, 1.325], "texture": "#0"},
				"down": {"uv": [0, 1.125, 0.25, 1.325], "texture": "#0"}
			}
		},
		{
			"from": [0.25, 15, 0],
			"to": [0.5, 15.25, 0.2],
			"rotation": {"angle": 0, "axis": "y", "origin": [8.25, 8.25, 8]},
			"faces": {
				"north": {"uv": [0, 1.125, 0.25, 1.325], "texture": "#0"},
				"east": {"uv": [0, 1.125, 0.25, 1.325], "texture": "#0"},
				"south": {"uv": [0, 1.125, 0.25, 1.325], "texture": "#0"},
				"west": {"uv": [0, 1.125, 0.25, 1.325], "texture": "#0"},
				"up": {"uv": [0, 1.125, 0.25, 1.325], "texture": "#0"},
				"down": {"uv": [0, 1.125, 0.25, 1.325], "texture": "#0"}
			}
		},
		{
			"from": [0.25, 0.75, 0],
			"to": [0.5, 1, 0.2],
			"rotation": {"angle": 0, "axis": "y", "origin": [8.25, 7.75, 8]},
			"faces": {
				"north": {"uv": [0, 1.125, 0.25, 1.325], "texture": "#0"},
				"east": {"uv": [0, 1.125, 0.25, 1.325], "texture": "#0"},
				"south": {"uv": [0, 1.125, 0.25, 1.325], "texture": "#0"},
				"west": {"uv": [0, 1.125, 0.25, 1.325], "texture": "#0"},
				"up": {"uv": [0, 1.125, 0.25, 1.325], "texture": "#0"},
				"down": {"uv": [0, 1.125, 0.25, 1.325], "texture": "#0"}
			}
		},
		{
			"from": [8.5, 15, 0],
			"to": [8.75, 15.25, 0.2],
			"rotation": {"angle": 0, "axis": "y", "origin": [0.75, 8.25, 8]},
			"faces": {
				"north": {"uv": [0, 1.125, 0.25, 1.325], "texture": "#0"},
				"east": {"uv": [0, 1.125, 0.25, 1.325], "texture": "#0"},
				"south": {"uv": [0, 1.125, 0.25, 1.325], "texture": "#0"},
				"west": {"uv": [0, 1.125, 0.25, 1.325], "texture": "#0"},
				"up": {"uv": [0, 1.125, 0.25, 1.325], "texture": "#0"},
				"down": {"uv": [0, 1.125, 0.25, 1.325], "texture": "#0"}
			}
		},
		{
			"from": [8.5, 0.75, 0],
			"to": [8.75, 1, 0.2],
			"rotation": {"angle": 0, "axis": "y", "origin": [0.75, 7.75, 8]},
			"faces": {
				"north": {"uv": [0, 1.125, 0.25, 1.325], "texture": "#0"},
				"east": {"uv": [0, 1.125, 0.25, 1.325], "texture": "#0"},
				"south": {"uv": [0, 1.125, 0.25, 1.325], "texture": "#0"},
				"west": {"uv": [0, 1.125, 0.25, 1.325], "texture": "#0"},
				"up": {"uv": [0, 1.125, 0.25, 1.325], "texture": "#0"},
				"down": {"uv": [0, 1.125, 0.25, 1.325], "texture": "#0"}
			}
		},
		{
			"from": [0.5, 15.25, 0],
			"to": [1, 15.5, 0.2],
			"rotation": {"angle": 0, "axis": "y", "origin": [8.5, 8.5, 8]},
			"faces": {
				"north": {"uv": [0, 1.125, 0.25, 1.325], "texture": "#0"},
				"east": {"uv": [0, 1.125, 0.25, 1.325], "texture": "#0"},
				"south": {"uv": [0, 1.125, 0.25, 1.325], "texture": "#0"},
				"west": {"uv": [0, 1.125, 0.25, 1.325], "texture": "#0"},
				"up": {"uv": [0, 1.125, 0.25, 1.325], "texture": "#0"},
				"down": {"uv": [0, 1.125, 0.25, 1.325], "texture": "#0"}
			}
		},
		{
			"from": [0.5, 0.5, 0],
			"to": [1, 0.75, 0.2],
			"rotation": {"angle": 0, "axis": "y", "origin": [8.5, 7.5, 8]},
			"faces": {
				"north": {"uv": [0, 1.125, 0.25, 1.325], "texture": "#0"},
				"east": {"uv": [0, 1.125, 0.25, 1.325], "texture": "#0"},
				"south": {"uv": [0, 1.125, 0.25, 1.325], "texture": "#0"},
				"west": {"uv": [0, 1.125, 0.25, 1.325], "texture": "#0"},
				"up": {"uv": [0, 1.125, 0.25, 1.325], "texture": "#0"},
				"down": {"uv": [0, 1.125, 0.25, 1.325], "texture": "#0"}
			}
		},
		{
			"from": [8, 15.25, 0],
			"to": [8.5, 15.5, 0.2],
			"rotation": {"angle": 0, "axis": "y", "origin": [0.5, 8.5, 8]},
			"faces": {
				"north": {"uv": [0, 1.125, 0.25, 1.325], "texture": "#0"},
				"east": {"uv": [0, 1.125, 0.25, 1.325], "texture": "#0"},
				"south": {"uv": [0, 1.125, 0.25, 1.325], "texture": "#0"},
				"west": {"uv": [0, 1.125, 0.25, 1.325], "texture": "#0"},
				"up": {"uv": [0, 1.125, 0.25, 1.325], "texture": "#0"},
				"down": {"uv": [0, 1.125, 0.25, 1.325], "texture": "#0"}
			}
		},
		{
			"from": [8, 0.5, 0],
			"to": [8.5, 0.75, 0.2],
			"rotation": {"angle": 0, "axis": "y", "origin": [0.5, 7.5, 8]},
			"faces": {
				"north": {"uv": [0, 1.125, 0.25, 1.325], "texture": "#0"},
				"east": {"uv": [0, 1.125, 0.25, 1.325], "texture": "#0"},
				"south": {"uv": [0, 1.125, 0.25, 1.325], "texture": "#0"},
				"west": {"uv": [0, 1.125, 0.25, 1.325], "texture": "#0"},
				"up": {"uv": [0, 1.125, 0.25, 1.325], "texture": "#0"},
				"down": {"uv": [0, 1.125, 0.25, 1.325], "texture": "#0"}
			}
		},
		{
			"from": [1, 15.5, 0],
			"to": [1.75, 15.75, 0.2],
			"rotation": {"angle": 0, "axis": "y", "origin": [9, 8.75, 8]},
			"faces": {
				"north": {"uv": [0, 1.125, 0.25, 1.325], "texture": "#0"},
				"east": {"uv": [0, 1.125, 0.25, 1.325], "texture": "#0"},
				"south": {"uv": [0, 1.125, 0.25, 1.325], "texture": "#0"},
				"west": {"uv": [0, 1.125, 0.25, 1.325], "texture": "#0"},
				"up": {"uv": [0, 1.125, 0.25, 1.325], "texture": "#0"},
				"down": {"uv": [0, 1.125, 0.25, 1.325], "texture": "#0"}
			}
		},
		{
			"from": [1, 0.25, 0],
			"to": [1.75, 0.5, 0.2],
			"rotation": {"angle": 0, "axis": "y", "origin": [9, 7.25, 8]},
			"faces": {
				"north": {"uv": [0, 1.125, 0.25, 1.325], "texture": "#0"},
				"east": {"uv": [0, 1.125, 0.25, 1.325], "texture": "#0"},
				"south": {"uv": [0, 1.125, 0.25, 1.325], "texture": "#0"},
				"west": {"uv": [0, 1.125, 0.25, 1.325], "texture": "#0"},
				"up": {"uv": [0, 1.125, 0.25, 1.325], "texture": "#0"},
				"down": {"uv": [0, 1.125, 0.25, 1.325], "texture": "#0"}
			}
		},
		{
			"from": [7.25, 15.5, 0],
			"to": [8, 15.75, 0.2],
			"rotation": {"angle": 0, "axis": "y", "origin": [0, 8.75, 8]},
			"faces": {
				"north": {"uv": [0, 1.125, 0.25, 1.325], "texture": "#0"},
				"east": {"uv": [0, 1.125, 0.25, 1.325], "texture": "#0"},
				"south": {"uv": [0, 1.125, 0.25, 1.325], "texture": "#0"},
				"west": {"uv": [0, 1.125, 0.25, 1.325], "texture": "#0"},
				"up": {"uv": [0, 1.125, 0.25, 1.325], "texture": "#0"},
				"down": {"uv": [0, 1.125, 0.25, 1.325], "texture": "#0"}
			}
		},
		{
			"from": [7.25, 0.25, 0],
			"to": [8, 0.5, 0.2],
			"rotation": {"angle": 0, "axis": "y", "origin": [0, 7.25, 8]},
			"faces": {
				"north": {"uv": [0, 1.125, 0.25, 1.325], "texture": "#0"},
				"east": {"uv": [0, 1.125, 0.25, 1.325], "texture": "#0"},
				"south": {"uv": [0, 1.125, 0.25, 1.325], "texture": "#0"},
				"west": {"uv": [0, 1.125, 0.25, 1.325], "texture": "#0"},
				"up": {"uv": [0, 1.125, 0.25, 1.325], "texture": "#0"},
				"down": {"uv": [0, 1.125, 0.25, 1.325], "texture": "#0"}
			}
		},
		{
			"from": [1.75, 15.75, 0],
			"to": [7.25, 16, 0.2],
			"rotation": {"angle": 0, "axis": "y", "origin": [9.75, 9, 8]},
			"faces": {
				"north": {"uv": [0, 1.125, 0.25, 1.325], "texture": "#0"},
				"east": {"uv": [0, 1.125, 0.25, 1.325], "texture": "#0"},
				"south": {"uv": [0, 1.125, 0.25, 1.325], "texture": "#0"},
				"west": {"uv": [0, 1.125, 0.25, 1.325], "texture": "#0"},
				"up": {"uv": [0, 1.125, 0.25, 1.325], "texture": "#0"},
				"down": {"uv": [0, 1.125, 0.25, 1.325], "texture": "#0"}
			}
		},
		{
			"from": [1.75, 0, 0],
			"to": [7.25, 0.25, 0.2],
			"rotation": {"angle": 0, "axis": "y", "origin": [9.75, 7, 8]},
			"faces": {
				"north": {"uv": [0, 1.125, 0.25, 1.325], "texture": "#0"},
				"east": {"uv": [0, 1.125, 0.25, 1.325], "texture": "#0"},
				"south": {"uv": [0, 1.125, 0.25, 1.325], "texture": "#0"},
				"west": {"uv": [0, 1.125, 0.25, 1.325], "texture": "#0"},
				"up": {"uv": [0, 1.125, 0.25, 1.325], "texture": "#0"},
				"down": {"uv": [0, 1.125, 0.25, 1.325], "texture": "#0"}
			}
		}
	],
	"display": {
		"thirdperson_righthand": {
			"translation": [0, 2.25, 4.75],
			"scale": [0.5, 0.5, 0.5]
		},
		"thirdperson_lefthand": {
			"rotation": [90, -180, 0],
			"translation": [-2.5, 6, 4.75]
		},
		"firstperson_righthand": {
			"translation": [0, 4.5, 4.75],
			"scale": [0.5, 0.5, 0.5]
		},
		"firstperson_lefthand": {
			"translation": [0, 4.5, 4.75],
			"scale": [0.5, 0.5, 0.5]
		},
		"ground": {
			"translation": [1.5, 2.25, 4.25],
			"scale": [0.5, 0.5, 0.5]
		},
		"gui": {
			"translation": [3.5, 0, 0]
		},
		"head": {
			"rotation": [0, -180, 0],
			"translation": [-10.5, -18, -23.75],
			"scale": [3, 3, 3]
		},
		"fixed": {
			"rotation": [0, -180, 0],
			"translation": [-1.5, 0, -5],
			"scale": [0.5, 0.5, 0.5]
		}
	},
	"groups": [0,
		{
			"name": "group",
			"origin": [9.75, 7, 8],
			"children": [1, 2, 3, 4, 5, 6, 7, 8, 9, 10, 11, 12, 13, 14, 15, 16, 17]
		}
	]
}